{"level":"info","message":{"ip":"::1","method":"GET","ms":8,"path":"/","status":200},"timestamp":"2026-09-10T23:49:38.887Z"}
{"body":"{\\","expose":true,"level":"error","status":400,"statusCode":400,"timestamp":"2026-09-10T23:50:12.106Z","type":"entity.parse.failed"}
{"level":"info","message":{"ip":"::1","method":"POST","ms":4632,"path":"/login","status":200},"timestamp":"2026-09-10T23:51:03.820Z"}
{"level":"info","message":{"ip":"::1","method":"POST","ms":5393,"path":"/login","status":200},"timestamp":"2026-09-11T00:14:00.451Z"}
{"level":"info","message":{"ip":"::1","method":"GET","ms":4878,"path":"/history","status":200},"timestamp":"2026-09-11T00:32:32.081Z"}
{"level":"info","message":{"ip":"::1","method":"GET","ms":586,"path":"/history","status":304},"timestamp":"2026-09-11T00:32:32.677Z"}
{"level":"info","message":{"ip":"::1","method":"GET","ms":1417,"path":"/history","status":200},"timestamp":"2026-09-11T00:32:36.463Z"}
{"level":"info","message":{"ip":"::1","method":"GET","ms":3817,"path":"/history","status":200},"timestamp":"2026-09-11T00:32:38.867Z"}
{"level":"info","message":{"ip":"::1","method":"GET","ms":1360,"path":"/history","status":304},"timestamp":"2026-09-11T00:32:51.811Z"}
{"level":"info","message":{"ip":"::1","method":"GET","ms":1019,"path":"/history","status":304},"timestamp":"2026-09-11T00:32:52.833Z"}
{"level":"info","message":{"ip":"::1","method":"POST","ms":7713,"path":"/login","status":200},"timestamp":"2026-09-11T00:38:49.933Z"}
{"level":"info","message":{"ip":"::1","method":"GET","ms":4390,"path":"/history","status":200},"timestamp":"2026-09-11T00:38:54.437Z"}
{"level":"info","message":{"ip":"::1","method":"GET","ms":2674,"path":"/history","status":304},"timestamp":"2026-09-11T00:38:57.113Z"}
{"level":"info","message":{"ip":"::1","method":"GET","ms":5419,"path":"/history","status":304},"timestamp":"2026-09-11T00:39:23.073Z"}
{"level":"info","message":{"ip":"::1","method":"GET","ms":3773,"path":"/history","status":304},"timestamp":"2026-09-11T00:39:26.848Z"}
{"level":"info","message":{"ip":"::1","method":"POST","ms":8446,"path":"/login","status":200},"timestamp":"2026-09-11T00:40:52.541Z"}
{"level":"info","message":{"ip":"::1","method":"GET","ms":9853,"path":"/00584280-df41-4aa2-8b9c-285a6e4b7786","status":200},"timestamp":"2026-09-11T00:41:02.458Z"}
{"level":"info","message":{"ip":"::1","method":"GET","ms":5151,"path":"/history","status":304},"timestamp":"2026-09-11T00:49:26.293Z"}
{"level":"info","message":{"ip":"::1","method":"GET","ms":1067,"path":"/history","status":304},"timestamp":"2026-09-11T00:49:27.362Z"}
{"level":"info","message":{"ip":"::1","method":"GET","ms":1442,"path":"/00584280-df41-4aa2-8b9c-285a6e4b7786","status":200},"timestamp":"2026-09-11T00:49:33.324Z"}
{"level":"info","message":{"ip":"::1","method":"GET","ms":520,"path":"/00584280-df41-4aa2-8b9c-285a6e4b7786","status":304},"timestamp":"2026-09-11T00:49:33.846Z"}
{"level":"info","message":{"ip":"::1","method":"GET","ms":754,"path":"/resolve/0234567891","status":200},"timestamp":"2026-09-11T00:51:43.414Z"}
{"level":"info","message":{"ip":"::1","method":"POST","ms":2882,"path":"/","status":200},"timestamp":"2026-09-11T00:52:33.299Z"}
{"level":"info","message":{"ip":"::1","method":"GET","ms":493,"path":"/","status":200},"timestamp":"2026-09-11T00:52:33.799Z"}
{"level":"info","message":{"ip":"::1","method":"GET","ms":1892,"path":"/history","status":200},"timestamp":"2026-09-11T00:52:54.764Z"}
{"level":"info","message":{"ip":"::1","method":"GET","ms":984,"path":"/history","status":304},"timestamp":"2026-09-11T00:52:55.750Z"}
{"level":"info","message":{"ip":"::1","method":"GET","ms":505,"path":"/resolve/5551234567","status":200},"timestamp":"2026-09-11T00:54:00.079Z"}
{"level":"info","message":{"ip":"::1","method":"POST","ms":4285,"path":"/","status":200},"timestamp":"2026-09-11T00:54:52.936Z"}
{"level":"info","message":{"ip":"::1","method":"GET","ms":463,"path":"/","status":200},"timestamp":"2026-09-11T00:54:53.406Z"}
{"level":"info","message":{"ip":"::1","method":"GET","ms":2206,"path":"/history","status":200},"timestamp":"2026-09-11T00:55:08.603Z"}
{"level":"info","message":{"ip":"::1","method":"GET","ms":837,"path":"/history","status":304},"timestamp":"2026-09-11T00:55:09.443Z"}
{"level":"info","message":{"ip":"::1","method":"POST","ms":5277,"path":"/start","status":200},"timestamp":"2026-09-11T00:59:45.166Z"}
{"level":"info","message":{"ip":"::1","method":"POST","ms":4591,"path":"/login","status":200},"timestamp":"2026-09-11T01:01:32.964Z"}
{"level":"info","message":{"ip":"::1","method":"GET","ms":984,"path":"/history","status":200},"timestamp":"2026-09-11T01:01:34.003Z"}
{"level":"info","message":{"ip":"::1","method":"GET","ms":499,"path":"/history","status":304},"timestamp":"2026-09-11T01:01:34.505Z"}
{"level":"info","message":{"ip":"::1","method":"GET","ms":1789,"path":"/pending","status":200},"timestamp":"2026-09-11T01:01:54.305Z"}
{"level":"info","message":{"ip":"::1","method":"GET","ms":737,"path":"/pending","status":304},"timestamp":"2026-09-11T01:01:55.044Z"}
{"level":"info","message":{"ip":"::1","method":"GET","ms":2678,"path":"/deposits/pending","status":200},"timestamp":"2026-09-11T01:01:55.196Z"}
{"level":"info","message":{"ip":"::1","method":"GET","ms":3117,"path":"/credentials","status":200},"timestamp":"2026-09-11T01:01:55.638Z"}
{"level":"info","message":{"ip":"::1","method":"GET","ms":502,"path":"/deposits/pending","status":304},"timestamp":"2026-09-11T01:01:55.700Z"}
{"level":"info","message":{"ip":"::1","method":"GET","ms":659,"path":"/credentials","status":304},"timestamp":"2026-09-11T01:01:56.299Z"}
{"level":"info","message":{"ip":"::1","method":"GET","ms":726,"path":"/me","status":200},"timestamp":"2026-09-11T01:03:09.247Z"}
{"level":"info","message":{"ip":"::1","method":"GET","ms":258,"path":"/me","status":304},"timestamp":"2026-09-11T01:03:09.506Z"}
{"level":"info","message":{"ip":"::1","method":"GET","ms":939,"path":"/history","status":304},"timestamp":"2026-09-11T01:03:15.453Z"}
{"level":"info","message":{"ip":"::1","method":"GET","ms":467,"path":"/history","status":304},"timestamp":"2026-09-11T01:03:15.923Z"}
{"level":"info","message":{"ip":"::1","method":"GET","ms":763,"path":"/deposits/pending","status":304},"timestamp":"2026-09-11T01:03:54.639Z"}
{"level":"info","message":{"ip":"::1","method":"GET","ms":998,"path":"/credentials","status":304},"timestamp":"2026-09-11T01:03:54.877Z"}
{"level":"info","message":{"ip":"::1","method":"GET","ms":1015,"path":"/pending","status":304},"timestamp":"2026-09-11T01:03:54.888Z"}
{"level":"info","message":{"ip":"::1","method":"GET","ms":750,"path":"/deposits/pending","status":304},"timestamp":"2026-09-11T01:03:55.393Z"}
{"level":"info","message":{"ip":"::1","method":"GET","ms":1269,"path":"/credentials","status":304},"timestamp":"2026-09-11T01:03:56.160Z"}
{"level":"info","message":{"ip":"::1","method":"GET","ms":1265,"path":"/pending","status":304},"timestamp":"2026-09-11T01:03:56.168Z"}
{"level":"info","message":{"ip":"::1","method":"POST","ms":2279,"path":"/login","status":200},"timestamp":"2026-09-11T01:04:39.934Z"}
{"level":"info","message":{"ip":"::1","method":"GET","ms":1565,"path":"/history","status":200},"timestamp":"2026-09-11T01:04:41.524Z"}
{"level":"info","message":{"ip":"::1","method":"GET","ms":785,"path":"/history","status":304},"timestamp":"2026-09-11T01:04:42.312Z"}
{"level":"info","message":{"ip":"::1","method":"GET","ms":1226,"path":"/00584280-df41-4aa2-8b9c-285a6e4b7786","status":200},"timestamp":"2026-09-11T01:04:53.445Z"}
{"level":"info","message":{"ip":"::1","method":"GET","ms":722,"path":"/00584280-df41-4aa2-8b9c-285a6e4b7786","status":304},"timestamp":"2026-09-11T01:04:54.170Z"}
{"level":"info","message":{"ip":"::1","method":"GET","ms":955,"path":"/00584280-df41-4aa2-8b9c-285a6e4b7786","status":304},"timestamp":"2026-09-11T01:05:55.150Z"}
{"level":"info","message":{"ip":"::1","method":"GET","ms":1148,"path":"/00584280-df41-4aa2-8b9c-285a6e4b7786","status":200},"timestamp":"2026-09-11T01:06:46.312Z"}
{"level":"info","message":{"ip":"::1","method":"GET","ms":3262,"path":"/00584280-df41-4aa2-8b9c-285a6e4b7786","status":200},"timestamp":"2026-09-11T01:07:18.189Z"}
{"level":"info","message":{"ip":"::1","method":"POST","ms":5745,"path":"/login","status":401},"timestamp":"2026-09-13T15:25:30.317Z"}
{"level":"info","message":{"ip":"::1","method":"POST","ms":4100,"path":"/login","status":200},"timestamp":"2026-09-13T15:26:19.825Z"}
{"level":"info","message":{"ip":"::1","method":"POST","ms":1863,"path":"/verify-otp","status":200},"timestamp":"2026-09-13T15:27:06.896Z"}
{"level":"info","message":{"ip":"::1","method":"GET","ms":484,"path":"/","status":200},"timestamp":"2026-09-13T15:27:07.471Z"}
{"level":"info","message":{"ip":"::1","method":"GET","ms":230,"path":"/","status":304},"timestamp":"2026-09-13T15:27:07.702Z"}
{"level":"info","message":{"ip":"::1","method":"GET","ms":2151,"path":"/","status":200},"timestamp":"2026-09-13T15:27:09.150Z"}
{"level":"info","message":{"ip":"::1","method":"GET","ms":2167,"path":"/count","status":200},"timestamp":"2026-09-13T15:27:09.160Z"}
{"level":"info","message":{"ip":"::1","method":"GET","ms":231,"path":"/count","status":304},"timestamp":"2026-09-13T15:27:09.394Z"}
{"level":"info","message":{"ip":"::1","method":"GET","ms":462,"path":"/","status":304},"timestamp":"2026-09-13T15:27:09.613Z"}
{"level":"info","message":{"ip":"::1","method":"GET","ms":3379,"path":"/history","status":200},"timestamp":"2026-09-13T15:27:10.376Z"}
{"level":"info","message":{"ip":"::1","method":"GET","ms":1191,"path":"/history","status":304},"timestamp":"2026-09-13T15:27:11.569Z"}
{"level":"info","message":{"ip":"::1","method":"GET","ms":1133,"path":"/history","status":304},"timestamp":"2026-09-13T15:27:23.803Z"}
{"level":"info","message":{"ip":"::1","method":"GET","ms":1132,"path":"/history","status":304},"timestamp":"2026-09-13T15:27:24.939Z"}
{"level":"info","message":{"ip":"::1","method":"GET","ms":489,"path":"/","status":304},"timestamp":"2026-09-13T15:27:27.489Z"}
{"level":"info","message":{"ip":"::1","method":"GET","ms":715,"path":"/count","status":304},"timestamp":"2026-09-13T15:27:27.717Z"}
{"level":"info","message":{"ip":"::1","method":"GET","ms":747,"path":"/count","status":304},"timestamp":"2026-09-13T15:27:47.743Z"}
{"level":"info","message":{"ip":"::1","method":"GET","ms":765,"path":"/","status":304},"timestamp":"2026-09-13T15:27:47.760Z"}
{"level":"info","message":{"ip":"::1","method":"GET","ms":235,"path":"/","status":304},"timestamp":"2026-09-13T15:27:57.509Z"}
{"level":"info","message":{"ip":"::1","method":"GET","ms":273,"path":"/","status":304},"timestamp":"2026-09-13T15:27:57.784Z"}
{"level":"info","message":{"ip":"::1","method":"GET","ms":1501,"path":"/history","status":304},"timestamp":"2026-09-13T15:27:58.773Z"}
{"level":"info","message":{"ip":"::1","method":"GET","ms":821,"path":"/history","status":304},"timestamp":"2026-09-13T15:27:59.603Z"}
{"level":"info","message":{"ip":"::1","method":"GET","ms":468,"path":"/","status":304},"timestamp":"2026-09-13T15:28:07.459Z"}
{"level":"info","message":{"ip":"::1","method":"GET","ms":471,"path":"/count","status":304},"timestamp":"2026-09-13T15:28:07.464Z"}
{"level":"info","message":{"ip":"::1","method":"GET","ms":487,"path":"/","status":304},"timestamp":"2026-09-13T15:28:27.487Z"}
{"level":"info","message":{"ip":"::1","method":"GET","ms":489,"path":"/count","status":304},"timestamp":"2026-09-13T15:28:27.490Z"}
{"level":"info","message":{"ip":"::1","method":"GET","ms":474,"path":"/count","status":304},"timestamp":"2026-09-13T15:28:47.766Z"}
{"level":"info","message":{"ip":"::1","method":"GET","ms":479,"path":"/","status":304},"timestamp":"2026-09-13T15:28:47.770Z"}
{"level":"info","message":{"ip":"::1","method":"GET","ms":477,"path":"/","status":304},"timestamp":"2026-09-13T15:29:07.803Z"}
{"level":"info","message":{"ip":"::1","method":"GET","ms":511,"path":"/count","status":304},"timestamp":"2026-09-13T15:29:07.838Z"}
{"level":"info","message":{"ip":"::1","method":"GET","ms":461,"path":"/","status":304},"timestamp":"2026-09-13T15:29:27.759Z"}
{"level":"info","message":{"ip":"::1","method":"GET","ms":487,"path":"/count","status":304},"timestamp":"2026-09-13T15:29:27.798Z"}
{"level":"info","message":{"ip":"::1","method":"POST","ms":2481,"path":"/login","status":200},"timestamp":"2026-09-13T15:30:05.290Z"}
{"level":"info","message":{"ip":"::1","method":"POST","ms":1417,"path":"/verify-otp","status":200},"timestamp":"2026-09-13T15:30:33.613Z"}
{"level":"info","message":{"ip":"::1","method":"GET","ms":247,"path":"/","status":304},"timestamp":"2026-09-13T15:30:33.914Z"}
{"level":"info","message":{"ip":"::1","method":"GET","ms":496,"path":"/count","status":304},"timestamp":"2026-09-13T15:30:34.165Z"}
{"level":"info","message":{"ip":"::1","method":"GET","ms":252,"path":"/","status":304},"timestamp":"2026-09-13T15:30:34.168Z"}
{"level":"info","message":{"ip":"::1","method":"GET","ms":229,"path":"/count","status":304},"timestamp":"2026-09-13T15:30:34.404Z"}
{"level":"info","message":{"ip":"::1","method":"GET","ms":2248,"path":"/history","status":304},"timestamp":"2026-09-13T15:30:35.919Z"}
{"level":"info","message":{"ip":"::1","method":"GET","ms":2623,"path":"/","status":304},"timestamp":"2026-09-13T15:30:36.296Z"}
{"level":"info","message":{"ip":"::1","method":"GET","ms":233,"path":"/","status":304},"timestamp":"2026-09-13T15:30:36.531Z"}
{"level":"info","message":{"ip":"::1","method":"GET","ms":1062,"path":"/history","status":304},"timestamp":"2026-09-13T15:30:36.983Z"}
{"level":"info","message":{"ip":"::1","method":"GET","ms":702,"path":"/count","status":304},"timestamp":"2026-09-13T15:30:54.379Z"}
{"level":"info","message":{"ip":"::1","method":"GET","ms":709,"path":"/","status":304},"timestamp":"2026-09-13T15:30:54.384Z"}
{"level":"info","message":{"ip":"::1","method":"GET","ms":16,"path":"/billers","status":200},"timestamp":"2026-09-13T15:31:09.072Z"}
{"level":"info","message":{"ip":"::1","method":"GET","ms":6,"path":"/billers","status":304},"timestamp":"2026-09-13T15:31:09.093Z"}
{"level":"info","message":{"ip":"::1","method":"GET","ms":456,"path":"/count","status":304},"timestamp":"2026-09-13T15:31:14.126Z"}
{"level":"info","message":{"ip":"::1","method":"GET","ms":470,"path":"/","status":304},"timestamp":"2026-09-13T15:31:14.139Z"}
{"level":"info","message":{"ip":"::1","method":"GET","ms":1252,"path":"/37eb3e3f-fd29-4d2b-bcd8-f387caaa4924","status":200},"timestamp":"2026-09-13T15:31:21.423Z"}
{"level":"info","message":{"ip":"::1","method":"GET","ms":513,"path":"/37eb3e3f-fd29-4d2b-bcd8-f387caaa4924","status":304},"timestamp":"2026-09-13T15:31:21.945Z"}
{"level":"info","message":{"ip":"::1","method":"GET","ms":651,"path":"/count","status":304},"timestamp":"2026-09-13T15:31:34.369Z"}
{"level":"info","message":{"ip":"::1","method":"GET","ms":729,"path":"/","status":304},"timestamp":"2026-09-13T15:31:34.463Z"}
{"level":"info","message":{"ip":"::1","method":"GET","ms":500,"path":"/count","status":304},"timestamp":"2026-09-13T15:31:54.180Z"}
{"level":"info","message":{"ip":"::1","method":"GET","ms":728,"path":"/","status":304},"timestamp":"2026-09-13T15:31:54.406Z"}
{"level":"info","message":{"ip":"::1","method":"POST","ms":12047,"path":"/","status":200},"timestamp":"2026-09-13T15:31:55.237Z"}
{"level":"info","message":{"ip":"::1","method":"GET","ms":1160,"path":"/37eb3e3f-fd29-4d2b-bcd8-f387caaa4924","status":304},"timestamp":"2026-09-13T15:32:07.481Z"}
{"level":"info","message":{"ip":"::1","method":"GET","ms":833,"path":"/37eb3e3f-fd29-4d2b-bcd8-f387caaa4924","status":304},"timestamp":"2026-09-13T15:32:08.322Z"}
{"level":"info","message":{"ip":"::1","method":"GET","ms":525,"path":"/count","status":304},"timestamp":"2026-09-13T15:32:14.189Z"}
{"level":"info","message":{"ip":"::1","method":"GET","ms":2636,"path":"/","status":304},"timestamp":"2026-09-13T15:32:16.299Z"}
{"level":"info","message":{"ip":"::1","method":"GET","ms":2523,"path":"/history","status":304},"timestamp":"2026-09-13T15:32:22.059Z"}
{"level":"info","message":{"ip":"::1","method":"GET","ms":1314,"path":"/history","status":304},"timestamp":"2026-09-13T15:32:23.382Z"}
{"level":"info","message":{"ip":"::1","method":"GET","ms":1531,"path":"/","status":304},"timestamp":"2026-09-13T15:32:27.832Z"}
{"level":"info","message":{"ip":"::1","method":"GET","ms":441,"path":"/","status":304},"timestamp":"2026-09-13T15:32:28.279Z"}
{"level":"info","message":{"ip":"::1","method":"GET","ms":2996,"path":"/history","status":304},"timestamp":"2026-09-13T15:32:29.295Z"}
{"level":"info","message":{"ip":"::1","method":"GET","ms":1438,"path":"/history","status":304},"timestamp":"2026-09-13T15:32:30.758Z"}
{"level":"info","message":{"ip":"::1","method":"GET","ms":1762,"path":"/history","status":304},"timestamp":"2026-09-13T15:32:34.426Z"}
{"level":"info","message":{"ip":"::1","method":"GET","ms":1050,"path":"/","status":304},"timestamp":"2026-09-13T15:32:34.717Z"}
{"level":"info","message":{"ip":"::1","method":"GET","ms":1005,"path":"/history","status":304},"timestamp":"2026-09-13T15:32:35.438Z"}
{"level":"info","message":{"ip":"::1","method":"GET","ms":3100,"path":"/count","status":304},"timestamp":"2026-09-13T15:32:36.775Z"}
{"level":"info","message":{"ip":"::1","method":"GET","ms":768,"path":"/count","status":304},"timestamp":"2026-09-13T15:32:54.435Z"}
{"level":"info","message":{"ip":"::1","method":"GET","ms":782,"path":"/","status":304},"timestamp":"2026-09-13T15:32:54.447Z"}
{"level":"info","message":{"ip":"::1","method":"GET","ms":527,"path":"/","status":304},"timestamp":"2026-09-13T15:32:55.475Z"}
{"level":"info","message":{"ip":"::1","method":"GET","ms":360,"path":"/","status":304},"timestamp":"2026-09-13T15:32:55.837Z"}
{"level":"info","message":{"ip":"::1","method":"GET","ms":1985,"path":"/history","status":304},"timestamp":"2026-09-13T15:32:56.931Z"}
{"level":"info","message":{"ip":"::1","method":"GET","ms":889,"path":"/history","status":304},"timestamp":"2026-09-13T15:32:57.824Z"}
{"level":"info","message":{"ip":"::1","method":"POST","ms":5473,"path":"/login","status":200},"timestamp":"2026-09-13T15:57:33.961Z"}
{"level":"info","message":{"ip":"::1","method":"GET","ms":6,"path":"/resolve/1234567890","status":401},"timestamp":"2026-09-13T15:57:34.069Z"}
{"level":"info","message":{"ip":"::1","method":"POST","ms":5493,"path":"/login","status":200},"timestamp":"2026-09-13T16:03:12.837Z"}
{"clientVersion":"6.19.3","code":"P2024","level":"error","meta":{"connection_limit":9,"modelName":"User","timeout":10},"name":"PrismaClientKnownRequestError","timestamp":"2026-09-13T16:03:44.826Z"}
{"level":"info","message":{"ip":"::1","method":"POST","ms":15119,"path":"/api/auth/verify-otp","status":500},"timestamp":"2026-09-13T16:03:49.871Z"}
{"clientVersion":"6.19.3","code":"P1001","level":"error","meta":{"database_location":"ep-shiny-forest-ae8urjys-pooler.c-2.us-east-2.aws.neon.tech:5432","modelName":"User"},"name":"PrismaClientKnownRequestError","timestamp":"2026-09-13T16:03:58.398Z"}
{"level":"info","message":{"ip":"::1","method":"POST","ms":10029,"path":"/api/auth/verify-otp","status":500},"timestamp":"2026-09-13T16:04:03.416Z"}
{"clientVersion":"6.19.3","code":"P1001","level":"error","meta":{"database_location":"ep-shiny-forest-ae8urjys-pooler.c-2.us-east-2.aws.neon.tech:5432","modelName":"User"},"name":"PrismaClientKnownRequestError","timestamp":"2026-09-13T16:05:19.974Z"}
{"level":"info","message":{"ip":"::1","method":"POST","ms":10023,"path":"/api/auth/login","status":500},"timestamp":"2026-09-13T16:05:24.982Z"}
{"clientVersion":"6.19.3","code":"P1001","level":"error","meta":{"database_location":"ep-shiny-forest-ae8urjys-pooler.c-2.us-east-2.aws.neon.tech:5432","modelName":"User"},"name":"PrismaClientKnownRequestError","timestamp":"2026-09-13T16:09:28.712Z"}
{"level":"info","message":{"ip":"::1","method":"POST","ms":10017,"path":"/api/auth/login","status":500},"timestamp":"2026-09-13T16:09:33.718Z"}
{"clientVersion":"6.19.3","code":"P1001","level":"error","meta":{"database_location":"ep-shiny-forest-ae8urjys-pooler.c-2.us-east-2.aws.neon.tech:5432","modelName":"User"},"name":"PrismaClientKnownRequestError","timestamp":"2026-09-13T16:09:41.761Z"}
{"level":"info","message":{"ip":"::1","method":"POST","ms":10028,"path":"/api/auth/login","status":500},"timestamp":"2026-09-13T16:09:46.777Z"}
{"clientVersion":"6.19.3","code":"P1001","level":"error","meta":{"database_location":"ep-shiny-forest-ae8urjys-pooler.c-2.us-east-2.aws.neon.tech:5432","modelName":"User"},"name":"PrismaClientKnownRequestError","timestamp":"2026-09-13T16:10:22.831Z"}
{"level":"info","message":{"ip":"::1","method":"POST","ms":10031,"path":"/api/auth/login","status":500},"timestamp":"2026-09-13T16:10:27.841Z"}
{"clientVersion":"6.19.3","code":"P1001","level":"error","meta":{"database_location":"ep-shiny-forest-ae8urjys-pooler.c-2.us-east-2.aws.neon.tech:5432","modelName":"User"},"name":"PrismaClientKnownRequestError","timestamp":"2026-09-13T16:18:42.704Z"}
{"level":"info","message":{"ip":"::1","method":"POST","ms":10039,"path":"/api/auth/login","status":500},"timestamp":"2026-09-13T16:18:47.727Z"}
{"level":"info","message":{"ip":"::1","method":"POST","ms":6675,"path":"/login","status":200},"timestamp":"2026-09-13T16:19:19.216Z"}
{"level":"info","message":{"ip":"::1","method":"POST","ms":5527,"path":"/verify-otp","status":200},"timestamp":"2026-09-13T16:19:50.502Z"}
{"level":"info","message":{"ip":"::1","method":"GET","ms":1688,"path":"/","status":304},"timestamp":"2026-09-13T16:19:52.333Z"}
{"level":"info","message":{"ip":"::1","method":"GET","ms":1581,"path":"/","status":304},"timestamp":"2026-09-13T16:19:53.917Z"}
{"level":"info","message":{"ip":"::1","method":"GET","ms":5035,"path":"/count","status":500},"timestamp":"2026-09-13T16:19:55.682Z"}
{"level":"info","message":{"ip":"::1","method":"GET","ms":5041,"path":"/history","status":500},"timestamp":"2026-09-13T16:19:55.698Z"}
{"clientVersion":"6.19.3","code":"P1001","level":"error","meta":{"database_location":"ep-shiny-forest-ae8urjys-pooler.c-2.us-east-2.aws.neon.tech:5432","modelName":"Account"},"name":"PrismaClientKnownRequestError","timestamp":"2026-09-13T16:19:55.702Z"}
{"level":"info","message":{"ip":"::1","method":"GET","ms":5068,"path":"/api/accounts","status":500},"timestamp":"2026-09-13T16:19:55.722Z"}
{"level":"info","message":{"ip":"::1","method":"GET","ms":1237,"path":"/count","status":200},"timestamp":"2026-09-13T16:19:56.972Z"}
{"level":"info","message":{"ip":"::1","method":"GET","ms":4465,"path":"/","status":200},"timestamp":"2026-09-13T16:20:00.209Z"}
{"level":"info","message":{"ip":"::1","method":"GET","ms":7001,"path":"/history","status":200},"timestamp":"2026-09-13T16:20:02.741Z"}
{"level":"info","message":{"ip":"::1","method":"GET","ms":1882,"path":"/resolve/1234567890","status":200},"timestamp":"2026-09-13T16:20:09.649Z"}
{"level":"info","message":{"ip":"::1","method":"GET","ms":1616,"path":"/count","status":304},"timestamp":"2026-09-13T16:20:12.267Z"}
{"level":"info","message":{"ip":"::1","method":"GET","ms":1621,"path":"/","status":304},"timestamp":"2026-09-13T16:20:12.269Z"}
{"level":"info","message":{"ip":"::1","method":"GET","ms":975,"path":"/count","status":304},"timestamp":"2026-09-13T16:20:31.619Z"}
{"level":"info","message":{"ip":"::1","method":"GET","ms":993,"path":"/","status":304},"timestamp":"2026-09-13T16:20:31.635Z"}
{"level":"info","message":{"ip":"::1","method":"GET","ms":1158,"path":"/count","status":304},"timestamp":"2026-09-13T16:20:52.467Z"}
{"level":"info","message":{"ip":"::1","method":"GET","ms":2176,"path":"/","status":304},"timestamp":"2026-09-13T16:20:53.482Z"}
{"level":"info","message":{"ip":"::1","method":"GET","ms":976,"path":"/count","status":304},"timestamp":"2026-09-13T16:21:11.620Z"}
{"level":"info","message":{"ip":"::1","method":"GET","ms":984,"path":"/","status":304},"timestamp":"2026-09-13T16:21:11.626Z"}
{"level":"info","message":{"ip":"::1","method":"GET","ms":364,"path":"/","status":304},"timestamp":"2026-09-13T16:21:13.964Z"}
{"level":"info","message":{"ip":"::1","method":"GET","ms":402,"path":"/","status":304},"timestamp":"2026-09-13T16:21:14.369Z"}
{"level":"info","message":{"ip":"::1","method":"GET","ms":2170,"path":"/history","status":304},"timestamp":"2026-09-13T16:21:15.767Z"}
{"level":"info","message":{"ip":"::1","method":"GET","ms":1718,"path":"/history","status":304},"timestamp":"2026-09-13T16:21:17.489Z"}
{"level":"info","message":{"ip":"::1","method":"GET","ms":1185,"path":"/","status":304},"timestamp":"2026-09-13T16:21:31.829Z"}
{"level":"info","message":{"ip":"::1","method":"GET","ms":1371,"path":"/count","status":304},"timestamp":"2026-09-13T16:21:32.018Z"}
{"level":"info","message":{"ip":"::1","method":"GET","ms":3792,"path":"/","status":304},"timestamp":"2026-09-13T16:21:55.090Z"}
{"level":"info","message":{"ip":"::1","method":"GET","ms":3795,"path":"/count","status":304},"timestamp":"2026-09-13T16:21:55.096Z"}
{"level":"info","message":{"ip":"::1","method":"GET","ms":1268,"path":"/count","status":304},"timestamp":"2026-09-13T16:22:12.574Z"}
{"level":"info","message":{"ip":"::1","method":"GET","ms":1273,"path":"/","status":304},"timestamp":"2026-09-13T16:22:12.576Z"}
{"level":"info","message":{"ip":"::1","method":"GET","ms":2993,"path":"/count","status":304},"timestamp":"2026-09-13T16:22:34.375Z"}
{"level":"info","message":{"ip":"::1","method":"GET","ms":3001,"path":"/","status":304},"timestamp":"2026-09-13T16:22:34.378Z"}
{"level":"info","message":{"ip":"::1","method":"GET","ms":876,"path":"/count","status":304},"timestamp":"2026-09-13T16:22:52.388Z"}
{"level":"info","message":{"ip":"::1","method":"GET","ms":956,"path":"/","status":304},"timestamp":"2026-09-13T16:22:52.403Z"}
{"level":"info","message":{"ip":"::1","method":"GET","ms":745,"path":"/count","status":304},"timestamp":"2026-09-13T16:23:12.057Z"}
{"level":"info","message":{"ip":"::1","method":"GET","ms":751,"path":"/","status":304},"timestamp":"2026-09-13T16:23:12.060Z"}
{"level":"info","message":{"ip":"::1","method":"GET","ms":668,"path":"/","status":304},"timestamp":"2026-09-13T16:23:45.361Z"}
{"level":"info","message":{"ip":"::1","method":"GET","ms":688,"path":"/count","status":304},"timestamp":"2026-09-13T16:23:45.414Z"}
{"level":"info","message":{"ip":"::1","method":"GET","ms":271,"path":"/","status":304},"timestamp":"2026-09-13T16:23:50.908Z"}
{"level":"info","message":{"ip":"::1","method":"GET","ms":273,"path":"/count","status":304},"timestamp":"2026-09-13T16:23:50.913Z"}
{"level":"info","message":{"ip":"::1","method":"GET","ms":616,"path":"/50de5dbb-a724-49f9-9c21-5fe15532a256","status":200},"timestamp":"2026-09-13T16:23:53.732Z"}
{"level":"info","message":{"ip":"::1","method":"GET","ms":261,"path":"/50de5dbb-a724-49f9-9c21-5fe15532a256","status":304},"timestamp":"2026-09-13T16:23:53.997Z"}
{"level":"info","message":{"ip":"::1","method":"GET","ms":543,"path":"/count","status":304},"timestamp":"2026-09-13T16:24:11.187Z"}
{"level":"info","message":{"ip":"::1","method":"GET","ms":549,"path":"/","status":304},"timestamp":"2026-09-13T16:24:11.192Z"}
{"level":"info","message":{"ip":"::1","method":"GET","ms":792,"path":"/count","status":304},"timestamp":"2026-09-13T16:24:32.112Z"}
{"level":"info","message":{"ip":"::1","method":"GET","ms":809,"path":"/","status":304},"timestamp":"2026-09-13T16:24:32.126Z"}
{"level":"info","message":{"ip":"::1","method":"GET","ms":527,"path":"/count","status":304},"timestamp":"2026-09-13T16:24:51.833Z"}
{"level":"info","message":{"ip":"::1","method":"GET","ms":531,"path":"/","status":304},"timestamp":"2026-09-13T16:24:51.835Z"}
{"level":"info","message":{"ip":"::1","method":"GET","ms":2799,"path":"/count","status":304},"timestamp":"2026-09-13T16:25:14.149Z"}
{"level":"info","message":{"ip":"::1","method":"GET","ms":3518,"path":"/","status":304},"timestamp":"2026-09-13T16:25:14.867Z"}
{"level":"info","message":{"ip":"::1","method":"GET","ms":1254,"path":"/count","status":304},"timestamp":"2026-09-13T16:25:31.902Z"}
{"level":"info","message":{"ip":"::1","method":"GET","ms":1384,"path":"/","status":304},"timestamp":"2026-09-13T16:25:32.030Z"}
{"level":"info","message":{"ip":"::1","method":"GET","ms":1213,"path":"/count","status":304},"timestamp":"2026-09-13T16:25:52.507Z"}
{"level":"info","message":{"ip":"::1","method":"GET","ms":1301,"path":"/","status":304},"timestamp":"2026-09-13T16:25:52.593Z"}
{"level":"info","message":{"ip":"::1","method":"GET","ms":1746,"path":"/count","status":304},"timestamp":"2026-09-13T16:26:13.047Z"}
{"level":"info","message":{"ip":"::1","method":"GET","ms":1801,"path":"/","status":304},"timestamp":"2026-09-13T16:26:13.098Z"}
{"level":"info","message":{"ip":"::1","method":"GET","ms":796,"path":"/count","status":304},"timestamp":"2026-09-13T16:26:32.108Z"}
{"level":"info","message":{"ip":"::1","method":"GET","ms":960,"path":"/","status":304},"timestamp":"2026-09-13T16:26:32.269Z"}
{"level":"info","message":{"ip":"::1","method":"GET","ms":739,"path":"/count","status":304},"timestamp":"2026-09-13T16:26:52.050Z"}
{"level":"info","message":{"ip":"::1","method":"GET","ms":796,"path":"/","status":304},"timestamp":"2026-09-13T16:26:52.099Z"}
{"level":"info","message":{"ip":"::1","method":"GET","ms":654,"path":"/count","status":304},"timestamp":"2026-09-13T16:27:45.160Z"}
{"level":"info","message":{"ip":"::1","method":"GET","ms":791,"path":"/","status":304},"timestamp":"2026-09-13T16:27:45.247Z"}
{"level":"info","message":{"ip":"::1","method":"GET","ms":736,"path":"/","status":304},"timestamp":"2026-09-13T16:28:45.254Z"}
{"level":"info","message":{"ip":"::1","method":"GET","ms":602,"path":"/count","status":304},"timestamp":"2026-09-13T16:28:45.308Z"}
{"level":"info","message":{"ip":"::1","method":"GET","ms":1503,"path":"/","status":304},"timestamp":"2026-09-13T16:29:45.804Z"}
{"level":"info","message":{"ip":"::1","method":"GET","ms":1605,"path":"/count","status":304},"timestamp":"2026-09-13T16:29:45.911Z"}
{"level":"info","message":{"ip":"::1","method":"GET","ms":5052,"path":"/","status":304},"timestamp":"2026-09-13T16:30:49.361Z"}
{"level":"info","message":{"ip":"::1","method":"GET","ms":5052,"path":"/count","status":304},"timestamp":"2026-09-13T16:30:49.363Z"}
{"level":"info","message":{"ip":"::1","method":"GET","ms":1905,"path":"/","status":304},"timestamp":"2026-09-13T16:31:46.467Z"}
{"level":"info","message":{"ip":"::1","method":"GET","ms":2484,"path":"/count","status":304},"timestamp":"2026-09-13T16:31:47.084Z"}
{"level":"info","message":{"ip":"::1","method":"GET","ms":651,"path":"/","status":304},"timestamp":"2026-09-13T16:32:45.213Z"}
{"level":"info","message":{"ip":"::1","method":"GET","ms":3318,"path":"/count","status":304},"timestamp":"2026-09-13T16:32:47.936Z"}
{"level":"info","message":{"ip":"::1","method":"GET","ms":1622,"path":"/count","status":304},"timestamp":"2026-09-13T16:33:46.082Z"}
{"level":"info","message":{"ip":"::1","method":"GET","ms":2566,"path":"/","status":304},"timestamp":"2026-09-13T16:33:46.969Z"}
{"level":"info","message":{"ip":"::1","method":"GET","ms":668,"path":"/count","status":304},"timestamp":"2026-09-13T16:34:45.189Z"}
{"level":"info","message":{"ip":"::1","method":"GET","ms":708,"path":"/","status":304},"timestamp":"2026-09-13T16:34:45.196Z"}
{"level":"info","message":{"ip":"::1","method":"GET","ms":1057,"path":"/count","status":304},"timestamp":"2026-09-13T16:35:45.500Z"}
{"level":"info","message":{"ip":"::1","method":"GET","ms":1927,"path":"/","status":304},"timestamp":"2026-09-13T16:35:46.249Z"}
{"level":"info","message":{"ip":"::1","method":"GET","ms":444,"path":"/","status":304},"timestamp":"2026-09-13T16:35:51.747Z"}
{"level":"info","message":{"ip":"::1","method":"GET","ms":3410,"path":"/count","status":304},"timestamp":"2026-09-13T16:35:54.715Z"}
{"level":"info","message":{"ip":"::1","method":"GET","ms":1241,"path":"/count","status":304},"timestamp":"2026-09-13T16:36:12.142Z"}
{"level":"info","message":{"ip":"::1","method":"GET","ms":1591,"path":"/","status":304},"timestamp":"2026-09-13T16:36:12.479Z"}
{"level":"info","message":{"ip":"::1","method":"GET","ms":604,"path":"/","status":304},"timestamp":"2026-09-13T16:36:31.911Z"}
{"level":"info","message":{"ip":"::1","method":"GET","ms":737,"path":"/count","status":304},"timestamp":"2026-09-13T16:36:32.051Z"}
{"level":"info","message":{"ip":"::1","method":"GET","ms":782,"path":"/count","status":304},"timestamp":"2026-09-13T16:36:52.096Z"}
{"level":"info","message":{"ip":"::1","method":"GET","ms":864,"path":"/","status":304},"timestamp":"2026-09-13T16:36:52.172Z"}
{"level":"info","message":{"ip":"::1","method":"GET","ms":1592,"path":"/count","status":304},"timestamp":"2026-09-13T16:37:12.901Z"}
{"level":"info","message":{"ip":"::1","method":"GET","ms":1674,"path":"/","status":304},"timestamp":"2026-09-13T16:37:12.980Z"}
{"level":"info","message":{"ip":"::1","method":"GET","ms":784,"path":"/count","status":304},"timestamp":"2026-09-13T16:37:45.150Z"}
{"level":"info","message":{"ip":"::1","method":"GET","ms":889,"path":"/","status":304},"timestamp":"2026-09-13T16:37:45.235Z"}
{"level":"info","message":{"ip":"::1","method":"GET","ms":1092,"path":"/count","status":304},"timestamp":"2026-09-13T16:38:45.488Z"}
{"level":"info","message":{"ip":"::1","method":"GET","ms":5499,"path":"/","status":304},"timestamp":"2026-09-13T16:38:49.879Z"}
{"level":"info","message":{"ip":"::1","method":"GET","ms":1394,"path":"/","status":304},"timestamp":"2026-09-13T16:39:45.782Z"}
{"level":"info","message":{"ip":"::1","method":"GET","ms":1396,"path":"/count","status":304},"timestamp":"2026-09-13T16:39:45.803Z"}
{"level":"info","message":{"ip":"::1","method":"GET","ms":918,"path":"/","status":304},"timestamp":"2026-09-13T16:40:45.481Z"}
{"level":"info","message":{"ip":"::1","method":"GET","ms":1267,"path":"/count","status":304},"timestamp":"2026-09-13T16:40:45.976Z"}
{"level":"info","message":{"ip":"::1","method":"GET","ms":742,"path":"/","status":304},"timestamp":"2026-09-13T16:41:45.488Z"}
{"level":"info","message":{"ip":"::1","method":"GET","ms":5307,"path":"/count","status":304},"timestamp":"2026-09-13T16:41:50.154Z"}
{"level":"info","message":{"ip":"::1","method":"GET","ms":1699,"path":"/count","status":304},"timestamp":"2026-09-13T16:42:46.242Z"}
{"level":"info","message":{"ip":"::1","method":"GET","ms":2810,"path":"/","status":304},"timestamp":"2026-09-13T16:42:47.264Z"}
{"level":"info","message":{"ip":"::1","method":"GET","ms":5012,"path":"/count","status":500},"timestamp":"2026-09-13T16:46:31.691Z"}
{"clientVersion":"6.19.3","code":"P1001","level":"error","meta":{"database_location":"ep-shiny-forest-ae8urjys-pooler.c-2.us-east-2.aws.neon.tech:5432","modelName":"Account"},"name":"PrismaClientKnownRequestError","timestamp":"2026-09-13T16:46:31.694Z"}
{"level":"info","message":{"ip":"::1","method":"GET","ms":5015,"path":"/api/direct-deposit/50de5dbb-a724-49f9-9c21-5fe15532a256","status":500},"timestamp":"2026-09-13T16:46:31.697Z"}
{"level":"info","message":{"ip":"::1","method":"GET","ms":5033,"path":"/","status":500},"timestamp":"2026-09-13T16:46:31.709Z"}
{"clientVersion":"6.19.3","code":"P1001","level":"error","meta":{"database_location":"ep-shiny-forest-ae8urjys-pooler.c-2.us-east-2.aws.neon.tech:5432","modelName":"Account"},"name":"PrismaClientKnownRequestError","timestamp":"2026-09-13T16:46:36.732Z"}
{"level":"info","message":{"ip":"::1","method":"GET","ms":5009,"path":"/api/direct-deposit/50de5dbb-a724-49f9-9c21-5fe15532a256","status":500},"timestamp":"2026-09-13T16:46:36.733Z"}
{"level":"info","message":{"ip":"::1","method":"GET","ms":5020,"path":"/count","status":500},"timestamp":"2026-09-13T16:46:36.741Z"}
{"level":"info","message":{"ip":"::1","method":"GET","ms":5040,"path":"/","status":500},"timestamp":"2026-09-13T16:46:36.768Z"}
{"level":"info","message":{"ip":"::1","method":"GET","ms":5015,"path":"/count","status":500},"timestamp":"2026-09-13T16:46:52.316Z"}
{"level":"info","message":{"ip":"::1","method":"GET","ms":6122,"path":"/","status":200},"timestamp":"2026-09-13T16:46:53.422Z"}
{"level":"info","message":{"ip":"::1","method":"GET","ms":964,"path":"/","status":304},"timestamp":"2026-09-13T16:47:08.267Z"}
{"level":"info","message":{"ip":"::1","method":"GET","ms":6082,"path":"/count","status":200},"timestamp":"2026-09-13T16:47:13.387Z"}
{"level":"info","message":{"ip":"::1","method":"GET","ms":3634,"path":"/count","status":304},"timestamp":"2026-09-13T16:47:30.948Z"}
{"level":"info","message":{"ip":"::1","method":"GET","ms":3833,"path":"/","status":304},"timestamp":"2026-09-13T16:47:31.145Z"}
{"level":"info","message":{"ip":"::1","method":"GET","ms":562,"path":"/","status":304},"timestamp":"2026-09-13T16:47:47.863Z"}
{"level":"info","message":{"ip":"::1","method":"GET","ms":571,"path":"/count","status":304},"timestamp":"2026-09-13T16:47:47.873Z"}
{"level":"info","message":{"ip":"::1","method":"GET","ms":1368,"path":"/count","status":304},"timestamp":"2026-09-13T16:48:08.668Z"}
{"level":"info","message":{"ip":"::1","method":"GET","ms":1744,"path":"/","status":304},"timestamp":"2026-09-13T16:48:09.042Z"}
{"level":"info","message":{"ip":"::1","method":"GET","ms":5041,"path":"/","status":500},"timestamp":"2026-09-13T16:49:49.460Z"}
{"level":"info","message":{"ip":"::1","method":"GET","ms":5002,"path":"/count","status":500},"timestamp":"2026-09-13T16:49:49.466Z"}
{"level":"info","message":{"ip":"::1","method":"GET","ms":5054,"path":"/","status":500},"timestamp":"2026-09-13T16:50:49.378Z"}
{"level":"info","message":{"ip":"::1","method":"GET","ms":5043,"path":"/count","status":500},"timestamp":"2026-09-13T16:50:49.385Z"}
{"level":"info","message":{"ip":"::1","method":"GET","ms":5017,"path":"/","status":500},"timestamp":"2026-09-13T16:51:49.394Z"}
{"level":"info","message":{"ip":"::1","method":"GET","ms":5023,"path":"/count","status":500},"timestamp":"2026-09-13T16:51:49.406Z"}
{"level":"info","message":{"ip":"::1","method":"GET","ms":5053,"path":"/","status":500},"timestamp":"2026-09-13T16:52:49.573Z"}
{"level":"info","message":{"ip":"::1","method":"GET","ms":5038,"path":"/count","status":500},"timestamp":"2026-09-13T16:52:49.579Z"}
{"level":"info","message":{"ip":"::1","method":"GET","ms":5019,"path":"/","status":500},"timestamp":"2026-09-13T16:53:49.496Z"}
{"level":"info","message":{"ip":"::1","method":"GET","ms":4962,"path":"/count","status":500},"timestamp":"2026-09-13T16:53:49.508Z"}
{"level":"info","message":{"ip":"::1","method":"GET","ms":3308,"path":"/count","status":200},"timestamp":"2026-09-13T16:54:47.713Z"}
{"level":"info","message":{"ip":"::1","method":"GET","ms":6676,"path":"/","status":200},"timestamp":"2026-09-13T16:54:51.057Z"}
{"level":"info","message":{"ip":"::1","method":"GET","ms":1628,"path":"/count","status":304},"timestamp":"2026-09-13T16:55:46.102Z"}
{"level":"info","message":{"ip":"::1","method":"GET","ms":1723,"path":"/","status":304},"timestamp":"2026-09-13T16:55:46.114Z"}
{"level":"info","message":{"ip":"::1","method":"GET","ms":337,"path":"/count","status":304},"timestamp":"2026-09-13T16:55:52.611Z"}
{"level":"info","message":{"ip":"::1","method":"GET","ms":349,"path":"/","status":304},"timestamp":"2026-09-13T16:55:52.620Z"}
{"level":"info","message":{"ip":"::1","method":"GET","ms":2328,"path":"/count","status":304},"timestamp":"2026-09-13T16:57:18.669Z"}
{"level":"info","message":{"ip":"::1","method":"GET","ms":843,"path":"/count","status":304},"timestamp":"2026-09-13T16:57:19.514Z"}
{"level":"info","message":{"ip":"::1","method":"GET","ms":3811,"path":"/","status":304},"timestamp":"2026-09-13T16:57:20.140Z"}
{"level":"info","message":{"ip":"::1","method":"GET","ms":805,"path":"/","status":304},"timestamp":"2026-09-13T16:57:20.949Z"}
{"level":"info","message":{"ip":"::1","method":"GET","ms":5036,"path":"/history","status":500},"timestamp":"2026-09-13T16:57:21.583Z"}
{"clientVersion":"6.19.3","code":"P1001","level":"error","meta":{"database_location":"ep-shiny-forest-ae8urjys-pooler.c-2.us-east-2.aws.neon.tech:5432","modelName":"Account"},"name":"PrismaClientKnownRequestError","timestamp":"2026-09-13T16:57:21.596Z"}
{"level":"info","message":{"ip":"::1","method":"GET","ms":5031,"path":"/api/accounts","status":500},"timestamp":"2026-09-13T16:57:21.600Z"}
{"level":"info","message":{"ip":"::1","method":"GET","ms":2017,"path":"/","status":200},"timestamp":"2026-09-13T16:57:23.625Z"}
{"level":"info","message":{"ip":"::1","method":"GET","ms":3219,"path":"/","status":304},"timestamp":"2026-09-13T16:57:40.517Z"}
{"level":"info","message":{"ip":"::1","method":"GET","ms":5014,"path":"/count","status":500},"timestamp":"2026-09-13T16:57:42.314Z"}
{"level":"info","message":{"ip":"::1","method":"GET","ms":21774,"path":"/history","status":200},"timestamp":"2026-09-13T16:57:43.377Z"}
{"level":"info","message":{"ip":"::1","method":"GET","ms":1532,"path":"/count","status":200},"timestamp":"2026-09-13T16:57:57.872Z"}
{"level":"info","message":{"ip":"::1","method":"GET","ms":1815,"path":"/","status":304},"timestamp":"2026-09-13T16:57:58.154Z"}
{"level":"info","message":{"ip":"::1","method":"GET","ms":2499,"path":"/resolve/1234567890","status":200},"timestamp":"2026-09-13T16:58:02.719Z"}
{"level":"info","message":{"ip":"::1","method":"GET","ms":2366,"path":"/count","status":304},"timestamp":"2026-09-13T16:58:18.706Z"}
{"level":"info","message":{"ip":"::1","method":"GET","ms":4654,"path":"/","status":304},"timestamp":"2026-09-13T16:58:20.992Z"}
{"level":"info","message":{"ip":"::1","method":"GET","ms":2508,"path":"/count","status":304},"timestamp":"2026-09-13T16:58:38.851Z"}
{"level":"info","message":{"ip":"::1","method":"GET","ms":2904,"path":"/","status":304},"timestamp":"2026-09-13T16:58:39.245Z"}
{"level":"info","message":{"ip":"::1","method":"GET","ms":2617,"path":"/count","status":304},"timestamp":"2026-09-13T16:58:58.956Z"}
{"level":"info","message":{"ip":"::1","method":"GET","ms":3054,"path":"/","status":304},"timestamp":"2026-09-13T16:58:59.392Z"}
{"level":"info","message":{"ip":"::1","method":"GET","ms":2860,"path":"/count","status":304},"timestamp":"2026-09-13T16:59:20.169Z"}
{"level":"info","message":{"ip":"::1","method":"GET","ms":9999,"path":"/","status":304},"timestamp":"2026-09-13T16:59:27.305Z"}
{"level":"info","message":{"ip":"::1","method":"GET","ms":1240,"path":"/","status":304},"timestamp":"2026-09-13T16:59:38.532Z"}
{"level":"info","message":{"ip":"::1","method":"GET","ms":5015,"path":"/count","status":500},"timestamp":"2026-09-13T16:59:42.308Z"}
{"level":"info","message":{"ip":"::1","method":"POST","ms":19268,"path":"/initiate","status":200},"timestamp":"2026-09-13T16:59:44.013Z"}
{"level":"info","message":{"ip":"::1","method":"GET","ms":5016,"path":"/","status":500},"timestamp":"2026-09-13T17:00:02.320Z"}
{"level":"info","message":{"ip":"::1","method":"GET","ms":5029,"path":"/count","status":500},"timestamp":"2026-09-13T17:00:02.335Z"}
{"level":"info","message":{"ip":"::1","method":"GET","ms":5014,"path":"/","status":500},"timestamp":"2026-09-13T17:00:22.309Z"}
{"level":"info","message":{"ip":"::1","method":"GET","ms":5024,"path":"/count","status":500},"timestamp":"2026-09-13T17:00:22.322Z"}
{"level":"info","message":{"ip":"::1","method":"GET","ms":5016,"path":"/","status":500},"timestamp":"2026-09-13T17:00:42.326Z"}
{"level":"info","message":{"ip":"::1","method":"GET","ms":5028,"path":"/count","status":500},"timestamp":"2026-09-13T17:00:42.340Z"}
{"level":"info","message":{"ip":"::1","method":"GET","ms":5017,"path":"/count","status":500},"timestamp":"2026-09-13T17:01:02.318Z"}
{"level":"info","message":{"ip":"::1","method":"GET","ms":5026,"path":"/","status":500},"timestamp":"2026-09-13T17:01:02.325Z"}
{"level":"info","message":{"ip":"::1","method":"GET","ms":5078,"path":"/count","status":500},"timestamp":"2026-09-13T17:01:49.512Z"}
{"level":"info","message":{"ip":"::1","method":"GET","ms":5095,"path":"/","status":500},"timestamp":"2026-09-13T17:01:49.523Z"}
{"level":"info","message":{"ip":"::1","method":"GET","ms":5007,"path":"/count","status":500},"timestamp":"2026-09-13T17:02:49.271Z"}
{"level":"info","message":{"ip":"::1","method":"GET","ms":5022,"path":"/","status":500},"timestamp":"2026-09-13T17:02:49.284Z"}
{"level":"info","message":{"ip":"::1","method":"GET","ms":5574,"path":"/","status":200},"timestamp":"2026-09-13T17:03:02.885Z"}
{"level":"info","message":{"ip":"::1","method":"GET","ms":7042,"path":"/count","status":200},"timestamp":"2026-09-13T17:03:04.355Z"}
{"level":"info","message":{"ip":"::1","method":"GET","ms":4951,"path":"/count","status":304},"timestamp":"2026-09-13T17:03:22.256Z"}
{"level":"info","message":{"ip":"::1","method":"GET","ms":6332,"path":"/","status":304},"timestamp":"2026-09-13T17:03:23.635Z"}
{"level":"info","message":{"ip":"::1","method":"GET","ms":4640,"path":"/","status":304},"timestamp":"2026-09-13T17:03:41.938Z"}
{"level":"info","message":{"ip":"::1","method":"GET","ms":4691,"path":"/count","status":304},"timestamp":"2026-09-13T17:03:41.991Z"}
{"level":"info","message":{"ip":"::1","method":"GET","ms":933,"path":"/","status":304},"timestamp":"2026-09-13T17:04:45.304Z"}
{"level":"info","message":{"ip":"::1","method":"GET","ms":912,"path":"/count","status":304},"timestamp":"2026-09-13T17:04:45.315Z"}
{"level":"info","message":{"ip":"::1","method":"GET","ms":1853,"path":"/","status":304},"timestamp":"2026-09-13T17:05:46.245Z"}
{"level":"info","message":{"ip":"::1","method":"GET","ms":1861,"path":"/count","status":304},"timestamp":"2026-09-13T17:05:46.260Z"}
{"level":"info","message":{"ip":"::1","method":"GET","ms":1079,"path":"/count","status":304},"timestamp":"2026-09-13T17:06:10.373Z"}
{"level":"info","message":{"ip":"::1","method":"GET","ms":1091,"path":"/","status":304},"timestamp":"2026-09-13T17:06:10.381Z"}
{"level":"info","message":{"ip":"::1","method":"GET","ms":367,"path":"/","status":304},"timestamp":"2026-09-13T17:06:16.715Z"}
{"level":"info","message":{"ip":"::1","method":"GET","ms":378,"path":"/count","status":304},"timestamp":"2026-09-13T17:06:16.728Z"}
{"level":"info","message":{"ip":"::1","method":"GET","ms":938,"path":"/","status":304},"timestamp":"2026-09-13T17:06:38.237Z"}
{"level":"info","message":{"ip":"::1","method":"GET","ms":941,"path":"/count","status":304},"timestamp":"2026-09-13T17:06:38.242Z"}
{"level":"info","message":{"ip":"::1","method":"GET","ms":976,"path":"/count","status":304},"timestamp":"2026-09-13T17:06:58.287Z"}
{"level":"info","message":{"ip":"::1","method":"GET","ms":980,"path":"/","status":304},"timestamp":"2026-09-13T17:06:58.290Z"}
{"level":"info","message":{"ip":"::1","method":"GET","ms":1148,"path":"/count","status":304},"timestamp":"2026-09-13T17:07:18.454Z"}
{"level":"info","message":{"ip":"::1","method":"GET","ms":1151,"path":"/","status":304},"timestamp":"2026-09-13T17:07:18.456Z"}
{"level":"info","message":{"ip":"::1","method":"GET","ms":1221,"path":"/count","status":304},"timestamp":"2026-09-13T17:07:38.518Z"}
{"level":"info","message":{"ip":"::1","method":"GET","ms":1232,"path":"/","status":304},"timestamp":"2026-09-13T17:07:38.527Z"}
{"level":"info","message":{"ip":"::1","method":"GET","ms":5020,"path":"/","status":500},"timestamp":"2026-09-13T17:08:49.435Z"}
{"level":"info","message":{"ip":"::1","method":"GET","ms":5014,"path":"/count","status":500},"timestamp":"2026-09-13T17:08:49.449Z"}
{"level":"info","message":{"ip":"::1","method":"GET","ms":5019,"path":"/","status":500},"timestamp":"2026-09-13T17:09:49.420Z"}
{"level":"info","message":{"ip":"::1","method":"GET","ms":5017,"path":"/count","status":500},"timestamp":"2026-09-13T17:09:49.436Z"}
{"level":"info","message":{"ip":"::1","method":"GET","ms":5017,"path":"/","status":500},"timestamp":"2026-09-13T17:10:49.411Z"}
{"level":"info","message":{"ip":"::1","method":"GET","ms":7320,"path":"/count","status":200},"timestamp":"2026-09-13T17:10:51.733Z"}
{"level":"info","message":{"ip":"::1","method":"GET","ms":996,"path":"/","status":200},"timestamp":"2026-09-13T17:11:45.389Z"}
{"level":"info","message":{"ip":"::1","method":"GET","ms":4885,"path":"/count","status":304},"timestamp":"2026-09-13T17:11:49.357Z"}
{"level":"info","message":{"ip":"::1","method":"GET","ms":416,"path":"/count","status":304},"timestamp":"2026-09-13T17:11:57.270Z"}
{"level":"info","message":{"ip":"::1","method":"GET","ms":845,"path":"/","status":304},"timestamp":"2026-09-13T17:11:57.695Z"}
{"level":"info","message":{"ip":"::1","method":"GET","ms":815,"path":"/","status":304},"timestamp":"2026-09-13T17:12:17.165Z"}
{"level":"info","message":{"ip":"::1","method":"GET","ms":821,"path":"/count","status":304},"timestamp":"2026-09-13T17:12:17.173Z"}
{"level":"info","message":{"ip":"::1","method":"POST","ms":4727,"path":"/initiate","status":200},"timestamp":"2026-09-13T17:12:27.835Z"}
{"level":"info","message":{"ip":"::1","method":"GET","ms":1430,"path":"/count","status":304},"timestamp":"2026-09-13T17:12:38.757Z"}
{"level":"info","message":{"ip":"::1","method":"GET","ms":1437,"path":"/","status":304},"timestamp":"2026-09-13T17:12:38.763Z"}
{"level":"info","message":{"ip":"::1","method":"GET","ms":518,"path":"/count","status":304},"timestamp":"2026-09-13T17:12:57.216Z"}
{"level":"info","message":{"ip":"::1","method":"GET","ms":525,"path":"/","status":304},"timestamp":"2026-09-13T17:12:57.221Z"}
{"level":"info","message":{"ip":"::1","method":"POST","ms":11172,"path":"/confirm","status":200},"timestamp":"2026-09-13T17:13:13.215Z"}
{"level":"info","message":{"ip":"::1","method":"GET","ms":3467,"path":"/","status":200},"timestamp":"2026-09-13T17:13:16.692Z"}
{"level":"info","message":{"ip":"::1","method":"GET","ms":1252,"path":"/","status":200},"timestamp":"2026-09-13T17:13:17.593Z"}
{"level":"info","message":{"ip":"::1","method":"GET","ms":5018,"path":"/count","status":500},"timestamp":"2026-09-13T17:13:21.360Z"}
{"level":"info","message":{"ip":"::1","method":"GET","ms":6079,"path":"/","status":304},"timestamp":"2026-09-13T17:13:43.382Z"}
{"level":"info","message":{"ip":"::1","method":"GET","ms":8770,"path":"/count","status":200},"timestamp":"2026-09-13T17:13:46.076Z"}
{"level":"info","message":{"ip":"::1","method":"GET","ms":1674,"path":"/","status":304},"timestamp":"2026-09-13T17:13:58.974Z"}
{"level":"info","message":{"ip":"::1","method":"GET","ms":2506,"path":"/count","status":304},"timestamp":"2026-09-13T17:13:59.808Z"}
{"level":"info","message":{"ip":"::1","method":"GET","ms":1952,"path":"/","status":304},"timestamp":"2026-09-13T17:14:19.257Z"}
{"level":"info","message":{"ip":"::1","method":"GET","ms":1953,"path":"/count","status":304},"timestamp":"2026-09-13T17:14:19.260Z"}
{"level":"info","message":{"ip":"::1","method":"GET","ms":1859,"path":"/count","status":304},"timestamp":"2026-09-13T17:14:46.293Z"}
{"level":"info","message":{"ip":"::1","method":"GET","ms":1903,"path":"/","status":304},"timestamp":"2026-09-13T17:14:46.311Z"}
{"level":"info","message":{"ip":"::1","method":"GET","ms":4754,"path":"/count","status":304},"timestamp":"2026-09-13T17:15:49.231Z"}
{"level":"info","message":{"ip":"::1","method":"GET","ms":10014,"path":"/","status":500},"timestamp":"2026-09-13T17:15:54.460Z"}
{"level":"info","message":{"ip":"::1","method":"GET","ms":1424,"path":"/","status":200},"timestamp":"2026-09-13T17:16:46.014Z"}
{"level":"info","message":{"ip":"::1","method":"GET","ms":5219,"path":"/count","status":304},"timestamp":"2026-09-13T17:16:50.055Z"}
{"level":"info","message":{"ip":"::1","method":"GET","ms":5019,"path":"/count","status":500},"timestamp":"2026-09-13T17:17:14.713Z"}
{"level":"info","message":{"ip":"::1","method":"GET","ms":5093,"path":"/","status":304},"timestamp":"2026-09-13T17:17:14.786Z"}
{"level":"info","message":{"ip":"::1","method":"GET","ms":841,"path":"/","status":304},"timestamp":"2026-09-13T17:17:17.185Z"}
{"level":"info","message":{"ip":"::1","method":"GET","ms":5689,"path":"/count","status":200},"timestamp":"2026-09-13T17:17:22.041Z"}
{"level":"info","message":{"ip":"::1","method":"GET","ms":3350,"path":"/","status":304},"timestamp":"2026-09-13T17:17:39.714Z"}
{"level":"info","message":{"ip":"::1","method":"GET","ms":3556,"path":"/count","status":304},"timestamp":"2026-09-13T17:17:39.922Z"}
{"level":"info","message":{"ip":"::1","method":"GET","ms":1002,"path":"/","status":304},"timestamp":"2026-09-13T17:17:47.871Z"}
{"level":"info","message":{"ip":"::1","method":"GET","ms":672,"path":"/","status":304},"timestamp":"2026-09-13T17:17:48.548Z"}
{"level":"info","message":{"ip":"::1","method":"GET","ms":5801,"path":"/history","status":200},"timestamp":"2026-09-13T17:17:52.668Z"}
{"level":"info","message":{"ip":"::1","method":"GET","ms":4388,"path":"/history","status":304},"timestamp":"2026-09-13T17:17:57.067Z"}
{"level":"info","message":{"ip":"::1","method":"GET","ms":1232,"path":"/","status":304},"timestamp":"2026-09-13T17:17:57.613Z"}
{"level":"info","message":{"ip":"::1","method":"GET","ms":5894,"path":"/count","status":304},"timestamp":"2026-09-13T17:18:02.276Z"}
{"level":"info","message":{"ip":"::1","method":"POST","ms":6379,"path":"/login","status":200},"timestamp":"2026-09-13T17:21:35.584Z"}
{"level":"info","message":{"ip":"::1","method":"POST","ms":3156,"path":"/verify-otp","status":200},"timestamp":"2026-09-13T17:22:05.394Z"}
{"level":"info","message":{"ip":"::1","method":"GET","ms":1857,"path":"/","status":200},"timestamp":"2026-09-13T17:22:07.389Z"}
{"level":"info","message":{"ip":"::1","method":"GET","ms":1869,"path":"/count","status":304},"timestamp":"2026-09-13T17:22:07.403Z"}
{"level":"info","message":{"ip":"::1","method":"GET","ms":342,"path":"/count","status":304},"timestamp":"2026-09-13T17:22:07.751Z"}
{"level":"info","message":{"ip":"::1","method":"GET","ms":359,"path":"/","status":304},"timestamp":"2026-09-13T17:22:07.765Z"}
{"level":"info","message":{"ip":"::1","method":"GET","ms":6155,"path":"/","status":200},"timestamp":"2026-09-13T17:22:11.694Z"}
{"level":"info","message":{"ip":"::1","method":"GET","ms":724,"path":"/","status":304},"timestamp":"2026-09-13T17:22:12.426Z"}
{"level":"info","message":{"ip":"::1","method":"GET","ms":8180,"path":"/history","status":200},"timestamp":"2026-09-13T17:22:13.716Z"}
{"level":"info","message":{"ip":"::1","method":"GET","ms":1309,"path":"/history","status":304},"timestamp":"2026-09-13T17:22:15.028Z"}
{"level":"info","message":{"ip":"::1","method":"GET","ms":4524,"path":"/count","status":304},"timestamp":"2026-09-13T17:22:30.839Z"}
{"level":"info","message":{"ip":"::1","method":"GET","ms":6359,"path":"/","status":304},"timestamp":"2026-09-13T17:22:32.673Z"}
{"level":"info","message":{"ip":"::1","method":"GET","ms":839,"path":"/","status":304},"timestamp":"2026-09-13T17:22:35.840Z"}
{"level":"info","message":{"ip":"::1","method":"GET","ms":748,"path":"/","status":304},"timestamp":"2026-09-13T17:22:36.591Z"}
{"level":"info","message":{"ip":"::1","method":"GET","ms":6997,"path":"/history","status":304},"timestamp":"2026-09-13T17:22:41.988Z"}
{"level":"info","message":{"ip":"::1","method":"GET","ms":787,"path":"/","status":304},"timestamp":"2026-09-13T17:22:47.082Z"}
{"level":"info","message":{"ip":"::1","method":"GET","ms":5144,"path":"/history","status":304},"timestamp":"2026-09-13T17:22:47.135Z"}
{"level":"info","message":{"ip":"::1","method":"GET","ms":6588,"path":"/count","status":304},"timestamp":"2026-09-13T17:22:52.885Z"}
{"level":"info","message":{"ip":"::1","method":"GET","ms":3,"path":"/billers","status":304},"timestamp":"2026-09-13T17:22:56.036Z"}
{"level":"info","message":{"ip":"::1","method":"GET","ms":3,"path":"/billers","status":304},"timestamp":"2026-09-13T17:22:56.052Z"}
{"level":"info","message":{"ip":"::1","method":"GET","ms":675,"path":"/count","status":304},"timestamp":"2026-09-13T17:23:06.218Z"}
{"level":"info","message":{"ip":"::1","method":"GET","ms":1095,"path":"/","status":304},"timestamp":"2026-09-13T17:23:06.636Z"}
{"level":"info","message":{"ip":"::1","method":"GET","ms":542,"path":"/count","status":304},"timestamp":"2026-09-13T17:23:26.078Z"}
{"level":"info","message":{"ip":"::1","method":"GET","ms":546,"path":"/","status":304},"timestamp":"2026-09-13T17:23:26.080Z"}
{"level":"info","message":{"ip":"::1","method":"GET","ms":2727,"path":"/count","status":304},"timestamp":"2026-09-13T17:23:49.026Z"}
{"level":"info","message":{"ip":"::1","method":"GET","ms":7452,"path":"/","status":304},"timestamp":"2026-09-13T17:23:53.747Z"}
{"level":"info","message":{"ip":"::1","method":"GET","ms":860,"path":"/","status":304},"timestamp":"2026-09-13T17:24:03.007Z"}
{"level":"info","message":{"ip":"::1","method":"GET","ms":1404,"path":"/","status":304},"timestamp":"2026-09-13T17:24:04.418Z"}
{"level":"info","message":{"ip":"::1","method":"GET","ms":2175,"path":"/","status":304},"timestamp":"2026-09-13T17:24:07.715Z"}
{"level":"info","message":{"ip":"::1","method":"GET","ms":3575,"path":"/count","status":304},"timestamp":"2026-09-13T17:24:09.118Z"}
{"level":"info","message":{"ip":"::1","method":"GET","ms":12978,"path":"/history","status":304},"timestamp":"2026-09-13T17:24:15.118Z"}
{"level":"info","message":{"ip":"::1","method":"GET","ms":2749,"path":"/history","status":304},"timestamp":"2026-09-13T17:24:17.874Z"}
{"level":"info","message":{"ip":"::1","method":"GET","ms":834,"path":"/count","status":304},"timestamp":"2026-09-13T17:24:26.383Z"}
{"level":"info","message":{"ip":"::1","method":"GET","ms":1133,"path":"/","status":304},"timestamp":"2026-09-13T17:24:26.678Z"}
{"level":"info","message":{"ip":"::1","method":"GET","ms":1071,"path":"/count","status":304},"timestamp":"2026-09-13T17:24:47.378Z"}
{"level":"info","message":{"ip":"::1","method":"GET","ms":1076,"path":"/","status":304},"timestamp":"2026-09-13T17:24:47.380Z"}
{"level":"info","message":{"ip":"::1","method":"GET","ms":330,"path":"/count","status":304},"timestamp":"2026-09-13T17:24:57.145Z"}
{"level":"info","message":{"ip":"::1","method":"GET","ms":333,"path":"/","status":304},"timestamp":"2026-09-13T17:24:57.147Z"}
{"level":"info","message":{"ip":"::1","method":"GET","ms":298,"path":"/","status":304},"timestamp":"2026-09-13T17:24:57.452Z"}
{"level":"info","message":{"ip":"::1","method":"GET","ms":305,"path":"/count","status":304},"timestamp":"2026-09-13T17:24:57.456Z"}
{"level":"info","message":{"ip":"::1","method":"GET","ms":2502,"path":"/workers","status":200},"timestamp":"2026-09-13T17:24:59.322Z"}
{"level":"info","message":{"ip":"::1","method":"GET","ms":1307,"path":"/workers","status":304},"timestamp":"2026-09-13T17:25:00.634Z"}
{"level":"info","message":{"ip":"::1","method":"GET","ms":272,"path":"/","status":304},"timestamp":"2026-09-13T17:25:06.585Z"}
{"level":"info","message":{"ip":"::1","method":"GET","ms":589,"path":"/count","status":304},"timestamp":"2026-09-13T17:25:06.904Z"}
{"level":"info","message":{"ip":"::1","method":"GET","ms":259,"path":"/","status":304},"timestamp":"2026-09-13T17:25:17.560Z"}
{"level":"info","message":{"ip":"::1","method":"GET","ms":516,"path":"/count","status":304},"timestamp":"2026-09-13T17:25:17.819Z"}
{"level":"info","message":{"ip":"::1","method":"GET","ms":282,"path":"/","status":304},"timestamp":"2026-09-13T17:25:26.590Z"}
{"level":"info","message":{"ip":"::1","method":"GET","ms":541,"path":"/count","status":304},"timestamp":"2026-09-13T17:25:26.851Z"}
{"level":"info","message":{"ip":"::1","method":"GET","ms":653,"path":"/","status":304},"timestamp":"2026-09-13T17:25:37.951Z"}
{"level":"info","message":{"ip":"::1","method":"GET","ms":1510,"path":"/count","status":304},"timestamp":"2026-09-13T17:25:38.810Z"}
{"level":"info","message":{"ip":"::1","method":"GET","ms":998,"path":"/","status":304},"timestamp":"2026-09-13T17:25:49.192Z"}
{"level":"info","message":{"ip":"::1","method":"GET","ms":1508,"path":"/count","status":304},"timestamp":"2026-09-13T17:25:49.704Z"}
{"level":"info","message":{"ip":"::1","method":"GET","ms":673,"path":"/","status":304},"timestamp":"2026-09-13T17:25:57.502Z"}
{"level":"info","message":{"ip":"::1","method":"GET","ms":1047,"path":"/count","status":304},"timestamp":"2026-09-13T17:25:57.877Z"}
{"level":"info","message":{"ip":"::1","method":"GET","ms":374,"path":"/","status":304},"timestamp":"2026-09-13T17:25:58.279Z"}
{"level":"info","message":{"ip":"::1","method":"GET","ms":374,"path":"/count","status":304},"timestamp":"2026-09-13T17:25:58.281Z"}
{"level":"info","message":{"ip":"::1","method":"GET","ms":278,"path":"/","status":304},"timestamp":"2026-09-13T17:25:58.563Z"}
{"level":"info","message":{"ip":"::1","method":"GET","ms":277,"path":"/count","status":304},"timestamp":"2026-09-13T17:25:58.564Z"}
{"level":"info","message":{"ip":"::1","method":"GET","ms":3546,"path":"/workers","status":304},"timestamp":"2026-09-13T17:26:01.458Z"}
{"level":"info","message":{"ip":"::1","method":"GET","ms":1532,"path":"/workers","status":304},"timestamp":"2026-09-13T17:26:02.993Z"}
{"level":"info","message":{"ip":"::1","method":"GET","ms":272,"path":"/","status":304},"timestamp":"2026-09-13T17:26:06.577Z"}
{"level":"info","message":{"ip":"::1","method":"GET","ms":280,"path":"/count","status":304},"timestamp":"2026-09-13T17:26:06.587Z"}
{"level":"info","message":{"ip":"::1","method":"GET","ms":937,"path":"/count","status":304},"timestamp":"2026-09-13T17:26:18.862Z"}
{"level":"info","message":{"ip":"::1","method":"GET","ms":941,"path":"/","status":304},"timestamp":"2026-09-13T17:26:18.865Z"}
{"level":"info","message":{"ip":"::1","method":"GET","ms":336,"path":"/count","status":304},"timestamp":"2026-09-13T17:26:26.681Z"}
{"level":"info","message":{"ip":"::1","method":"GET","ms":349,"path":"/","status":304},"timestamp":"2026-09-13T17:26:26.692Z"}
{"level":"info","message":{"ip":"::1","method":"GET","ms":591,"path":"/","status":304},"timestamp":"2026-09-13T17:26:38.513Z"}
{"level":"info","message":{"ip":"::1","method":"GET","ms":590,"path":"/count","status":304},"timestamp":"2026-09-13T17:26:38.514Z"}
{"level":"info","message":{"ip":"::1","method":"GET","ms":313,"path":"/count","status":304},"timestamp":"2026-09-13T17:26:46.616Z"}
{"level":"info","message":{"ip":"::1","method":"GET","ms":331,"path":"/","status":304},"timestamp":"2026-09-13T17:26:46.632Z"}
{"level":"info","message":{"ip":"::1","method":"GET","ms":775,"path":"/count","status":304},"timestamp":"2026-09-13T17:26:58.695Z"}
{"level":"info","message":{"ip":"::1","method":"GET","ms":778,"path":"/","status":304},"timestamp":"2026-09-13T17:26:58.696Z"}
{"level":"info","message":{"ip":"::1","method":"GET","ms":288,"path":"/","status":304},"timestamp":"2026-09-13T17:27:06.585Z"}
{"level":"info","message":{"ip":"::1","method":"GET","ms":373,"path":"/count","status":304},"timestamp":"2026-09-13T17:27:06.673Z"}
{"level":"info","message":{"ip":"::1","method":"GET","ms":678,"path":"/","status":304},"timestamp":"2026-09-13T17:27:18.976Z"}
{"level":"info","message":{"ip":"::1","method":"GET","ms":3443,"path":"/count","status":304},"timestamp":"2026-09-13T17:27:21.747Z"}
{"level":"info","message":{"ip":"::1","method":"POST","ms":3201,"path":"/pay/initiate","status":200},"timestamp":"2026-09-13T17:27:26.211Z"}
{"level":"info","message":{"ip":"::1","method":"GET","ms":243,"path":"/count","status":304},"timestamp":"2026-09-13T17:27:26.584Z"}
{"level":"info","message":{"ip":"::1","method":"GET","ms":485,"path":"/","status":304},"timestamp":"2026-09-13T17:27:26.824Z"}
{"level":"info","message":{"ip":"::1","method":"GET","ms":1015,"path":"/","status":304},"timestamp":"2026-09-13T17:27:39.318Z"}
{"level":"info","message":{"ip":"::1","method":"GET","ms":1017,"path":"/count","status":304},"timestamp":"2026-09-13T17:27:39.322Z"}
{"level":"info","message":{"ip":"::1","method":"GET","ms":879,"path":"/count","status":304},"timestamp":"2026-09-13T17:27:47.178Z"}
{"level":"info","message":{"ip":"::1","method":"GET","ms":883,"path":"/","status":304},"timestamp":"2026-09-13T17:27:47.181Z"}
{"level":"info","message":{"ip":"::1","method":"GET","ms":1419,"path":"/","status":304},"timestamp":"2026-09-13T17:27:59.726Z"}
{"level":"info","message":{"ip":"::1","method":"GET","ms":5012,"path":"/count","status":500},"timestamp":"2026-09-13T17:28:03.321Z"}
{"level":"info","message":{"ip":"::1","method":"POST","ms":15890,"path":"/pay/confirm","status":200},"timestamp":"2026-09-13T17:28:10.683Z"}
{"level":"info","message":{"ip":"::1","method":"GET","ms":996,"path":"/","status":200},"timestamp":"2026-09-13T17:28:11.690Z"}
{"level":"info","message":{"ip":"::1","method":"GET","ms":860,"path":"/count","status":200},"timestamp":"2026-09-13T17:28:18.781Z"}
{"level":"info","message":{"ip":"::1","method":"GET","ms":1353,"path":"/","status":200},"timestamp":"2026-09-13T17:28:19.269Z"}
{"level":"info","message":{"ip":"::1","method":"GET","ms":5356,"path":"/payments/0fc3f581-2218-4a5c-9400-820a97a66220/payslip","status":200},"timestamp":"2026-09-13T17:28:24.727Z"}
{"level":"info","message":{"ip":"::1","method":"GET","ms":2546,"path":"/payments","status":200},"timestamp":"2026-09-13T17:28:38.576Z"}
{"level":"info","message":{"ip":"::1","method":"GET","ms":2936,"path":"/stats","status":200},"timestamp":"2026-09-13T17:28:38.959Z"}
{"level":"info","message":{"ip":"::1","method":"GET","ms":2866,"path":"/payments","status":304},"timestamp":"2026-09-13T17:28:41.446Z"}
{"level":"info","message":{"ip":"::1","method":"GET","ms":3644,"path":"/stats","status":304},"timestamp":"2026-09-13T17:28:42.619Z"}
{"level":"info","message":{"ip":"::1","method":"GET","ms":5015,"path":"/","status":500},"timestamp":"2026-09-13T17:28:42.931Z"}
{"level":"info","message":{"ip":"::1","method":"GET","ms":5527,"path":"/count","status":304},"timestamp":"2026-09-13T17:28:43.446Z"}
{"level":"info","message":{"ip":"::1","method":"GET","ms":1015,"path":"/count","status":304},"timestamp":"2026-09-13T17:28:45.321Z"}
{"level":"info","message":{"ip":"::1","method":"GET","ms":1018,"path":"/","status":200},"timestamp":"2026-09-13T17:28:45.323Z"}
{"level":"info","message":{"ip":"::1","method":"GET","ms":1137,"path":"/count","status":304},"timestamp":"2026-09-13T17:28:59.050Z"}
{"level":"info","message":{"ip":"::1","method":"GET","ms":1146,"path":"/","status":304},"timestamp":"2026-09-13T17:28:59.057Z"}
{"level":"info","message":{"ip":"::1","method":"GET","ms":3335,"path":"/workers","status":304},"timestamp":"2026-09-13T17:29:11.728Z"}
{"level":"info","message":{"ip":"::1","method":"GET","ms":1760,"path":"/workers","status":304},"timestamp":"2026-09-13T17:29:13.510Z"}
{"level":"info","message":{"ip":"::1","method":"GET","ms":1187,"path":"/count","status":304},"timestamp":"2026-09-13T17:29:19.102Z"}
{"level":"info","message":{"ip":"::1","method":"GET","ms":1194,"path":"/","status":304},"timestamp":"2026-09-13T17:29:19.107Z"}
{"level":"info","message":{"ip":"::1","method":"GET","ms":4275,"path":"/workers","status":304},"timestamp":"2026-09-13T17:29:34.847Z"}
{"level":"info","message":{"ip":"::1","method":"GET","ms":2424,"path":"/workers","status":304},"timestamp":"2026-09-13T17:29:37.278Z"}
{"level":"info","message":{"ip":"::1","method":"GET","ms":1806,"path":"/","status":304},"timestamp":"2026-09-13T17:29:39.718Z"}
{"level":"info","message":{"ip":"::1","method":"GET","ms":1829,"path":"/count","status":304},"timestamp":"2026-09-13T17:29:39.743Z"}
{"level":"info","message":{"ip":"::1","method":"GET","ms":2376,"path":"/workers","status":304},"timestamp":"2026-09-13T17:29:39.757Z"}
{"level":"info","message":{"ip":"::1","method":"GET","ms":1630,"path":"/workers","status":304},"timestamp":"2026-09-13T17:29:41.399Z"}
{"level":"info","message":{"ip":"::1","method":"GET","ms":551,"path":"/","status":304},"timestamp":"2026-09-13T17:29:45.021Z"}
{"level":"info","message":{"ip":"::1","method":"GET","ms":711,"path":"/count","status":304},"timestamp":"2026-09-13T17:29:45.345Z"}
{"level":"info","message":{"ip":"::1","method":"GET","ms":4237,"path":"/workers","status":304},"timestamp":"2026-09-13T17:29:55.699Z"}
{"level":"info","message":{"ip":"::1","method":"GET","ms":2259,"path":"/","status":304},"timestamp":"2026-09-13T17:29:57.889Z"}
{"level":"info","message":{"ip":"::1","method":"GET","ms":968,"path":"/","status":304},"timestamp":"2026-09-13T17:29:58.861Z"}
{"level":"info","message":{"ip":"::1","method":"GET","ms":5824,"path":"/workers","status":304},"timestamp":"2026-09-13T17:30:01.550Z"}
{"level":"info","message":{"ip":"::1","method":"GET","ms":5008,"path":"/","status":500},"timestamp":"2026-09-13T17:30:02.924Z"}
{"level":"info","message":{"ip":"::1","method":"GET","ms":5019,"path":"/count","status":500},"timestamp":"2026-09-13T17:30:02.937Z"}
{"level":"info","message":{"ip":"::1","method":"GET","ms":7520,"path":"/history","status":200},"timestamp":"2026-09-13T17:30:03.147Z"}
{"level":"info","message":{"ip":"::1","method":"GET","ms":4382,"path":"/history","status":304},"timestamp":"2026-09-13T17:30:07.534Z"}
{"level":"info","message":{"ip":"::1","method":"GET","ms":1072,"path":"/","status":200},"timestamp":"2026-09-13T17:30:18.985Z"}
{"level":"info","message":{"ip":"::1","method":"GET","ms":1081,"path":"/count","status":200},"timestamp":"2026-09-13T17:30:18.997Z"}
{"level":"info","message":{"ip":"::1","method":"GET","ms":576,"path":"/count","status":304},"timestamp":"2026-09-13T17:30:38.875Z"}
{"level":"info","message":{"ip":"::1","method":"GET","ms":596,"path":"/","status":304},"timestamp":"2026-09-13T17:30:38.892Z"}
{"level":"info","message":{"ip":"::1","method":"GET","ms":715,"path":"/","status":304},"timestamp":"2026-09-13T17:30:45.211Z"}
{"level":"info","message":{"ip":"::1","method":"GET","ms":1901,"path":"/count","status":304},"timestamp":"2026-09-13T17:30:46.502Z"}
{"level":"info","message":{"ip":"::1","method":"GET","ms":1233,"path":"/","status":304},"timestamp":"2026-09-13T17:30:59.550Z"}
{"level":"info","message":{"ip":"::1","method":"GET","ms":1233,"path":"/count","status":304},"timestamp":"2026-09-13T17:30:59.553Z"}
{"level":"info","message":{"ip":"::1","method":"GET","ms":813,"path":"/count","status":304},"timestamp":"2026-09-13T17:31:19.174Z"}
{"level":"info","message":{"ip":"::1","method":"GET","ms":820,"path":"/","status":304},"timestamp":"2026-09-13T17:31:19.179Z"}
{"level":"info","message":{"ip":"::1","method":"GET","ms":1228,"path":"/count","status":304},"timestamp":"2026-09-13T17:31:45.971Z"}
{"level":"info","message":{"ip":"::1","method":"GET","ms":631,"path":"/count","status":304},"timestamp":"2026-09-13T17:31:46.610Z"}
{"level":"info","message":{"ip":"::1","method":"GET","ms":2547,"path":"/","status":304},"timestamp":"2026-09-13T17:31:47.288Z"}
{"level":"info","message":{"ip":"::1","method":"GET","ms":624,"path":"/","status":304},"timestamp":"2026-09-13T17:31:47.919Z"}
{"level":"info","message":{"ip":"::1","method":"GET","ms":686,"path":"/count","status":304},"timestamp":"2026-09-13T17:32:45.824Z"}
{"level":"info","message":{"ip":"::1","method":"GET","ms":247,"path":"/count","status":304},"timestamp":"2026-09-13T17:32:46.106Z"}
{"level":"info","message":{"ip":"::1","method":"GET","ms":3340,"path":"/","status":304},"timestamp":"2026-09-13T17:32:48.198Z"}
{"level":"info","message":{"ip":"::1","method":"GET","ms":339,"path":"/","status":304},"timestamp":"2026-09-13T17:32:48.569Z"}
{"level":"info","message":{"ip":"::1","method":"GET","ms":800,"path":"/","status":304},"timestamp":"2026-09-13T17:33:45.170Z"}
{"level":"info","message":{"ip":"::1","method":"GET","ms":1214,"path":"/","status":304},"timestamp":"2026-09-13T17:33:46.389Z"}
{"level":"info","message":{"ip":"::1","method":"GET","ms":6006,"path":"/count","status":304},"timestamp":"2026-09-13T17:33:50.548Z"}
{"level":"info","message":{"ip":"::1","method":"GET","ms":313,"path":"/count","status":304},"timestamp":"2026-09-13T17:33:50.877Z"}
{"level":"info","message":{"ip":"::1","method":"GET","ms":929,"path":"/count","status":304},"timestamp":"2026-09-13T17:34:09.620Z"}
{"level":"info","message":{"ip":"::1","method":"GET","ms":1863,"path":"/","status":304},"timestamp":"2026-09-13T17:34:10.550Z"}
{"level":"info","message":{"ip":"::1","method":"GET","ms":335,"path":"/count","status":304},"timestamp":"2026-09-13T17:34:13.583Z"}
{"level":"info","message":{"ip":"::1","method":"GET","ms":349,"path":"/","status":304},"timestamp":"2026-09-13T17:34:13.592Z"}
{"level":"info","message":{"ip":"::1","method":"GET","ms":285,"path":"/count","status":304},"timestamp":"2026-09-13T17:34:18.591Z"}
{"level":"info","message":{"ip":"::1","method":"GET","ms":290,"path":"/","status":304},"timestamp":"2026-09-13T17:34:18.593Z"}
{"level":"info","message":{"ip":"::1","method":"GET","ms":1848,"path":"/count","status":304},"timestamp":"2026-09-13T17:34:28.213Z"}
{"level":"info","message":{"ip":"::1","method":"GET","ms":1864,"path":"/","status":304},"timestamp":"2026-09-13T17:34:28.225Z"}
{"level":"info","message":{"ip":"::1","method":"GET","ms":968,"path":"/count","status":304},"timestamp":"2026-09-13T17:34:39.278Z"}
{"level":"info","message":{"ip":"::1","method":"GET","ms":982,"path":"/","status":304},"timestamp":"2026-09-13T17:34:39.290Z"}
{"level":"info","message":{"ip":"::1","method":"GET","ms":1831,"path":"/count","status":304},"timestamp":"2026-09-13T17:34:48.140Z"}
{"level":"info","message":{"ip":"::1","method":"GET","ms":1856,"path":"/","status":304},"timestamp":"2026-09-13T17:34:48.157Z"}
{"level":"info","message":{"ip":"::1","method":"GET","ms":1642,"path":"/count","status":304},"timestamp":"2026-09-13T17:34:59.972Z"}
{"level":"info","message":{"ip":"::1","method":"GET","ms":2225,"path":"/","status":304},"timestamp":"2026-09-13T17:35:00.536Z"}
{"level":"info","message":{"ip":"::1","method":"GET","ms":1250,"path":"/count","status":304},"timestamp":"2026-09-13T17:35:07.570Z"}
{"level":"info","message":{"ip":"::1","method":"GET","ms":1261,"path":"/","status":304},"timestamp":"2026-09-13T17:35:07.577Z"}
{"level":"info","message":{"ip":"::1","method":"GET","ms":1412,"path":"/count","status":304},"timestamp":"2026-09-13T17:35:45.801Z"}
{"level":"info","message":{"ip":"::1","method":"GET","ms":1441,"path":"/","status":304},"timestamp":"2026-09-13T17:35:45.813Z"}
{"level":"info","message":{"ip":"::1","method":"GET","ms":2095,"path":"/count","status":304},"timestamp":"2026-09-13T17:35:47.898Z"}
{"level":"info","message":{"ip":"::1","method":"GET","ms":2266,"path":"/","status":304},"timestamp":"2026-09-13T17:35:48.084Z"}
{"level":"info","message":{"ip":"::1","method":"GET","ms":3862,"path":"/","status":304},"timestamp":"2026-09-13T17:36:48.424Z"}
{"level":"info","message":{"ip":"::1","method":"GET","ms":290,"path":"/","status":304},"timestamp":"2026-09-13T17:36:48.724Z"}
{"level":"info","message":{"ip":"::1","method":"GET","ms":5845,"path":"/count","status":304},"timestamp":"2026-09-13T17:36:50.430Z"}
{"level":"info","message":{"ip":"::1","method":"GET","ms":387,"path":"/count","status":304},"timestamp":"2026-09-13T17:36:50.822Z"}
{"level":"info","message":{"ip":"::1","method":"GET","ms":5054,"path":"/","status":500},"timestamp":"2026-09-13T17:37:49.767Z"}
{"level":"info","message":{"ip":"::1","method":"GET","ms":4990,"path":"/count","status":500},"timestamp":"2026-09-13T17:37:49.774Z"}
{"level":"info","message":{"ip":"::1","method":"GET","ms":5020,"path":"/","status":500},"timestamp":"2026-09-13T17:37:54.798Z"}
{"level":"info","message":{"ip":"::1","method":"GET","ms":5035,"path":"/count","status":500},"timestamp":"2026-09-13T17:37:54.816Z"}
{"level":"info","message":{"ip":"::1","method":"GET","ms":5026,"path":"/","status":500},"timestamp":"2026-09-13T17:38:49.634Z"}
{"level":"info","message":{"ip":"::1","method":"GET","ms":4980,"path":"/count","status":500},"timestamp":"2026-09-13T17:38:49.642Z"}
{"level":"info","message":{"ip":"::1","method":"GET","ms":5018,"path":"/","status":500},"timestamp":"2026-09-13T17:38:54.665Z"}
{"level":"info","message":{"ip":"::1","method":"GET","ms":5026,"path":"/count","status":500},"timestamp":"2026-09-13T17:38:54.675Z"}
{"level":"info","message":{"ip":"::1","method":"GET","ms":5021,"path":"/","status":500},"timestamp":"2026-09-13T17:39:49.531Z"}
{"level":"info","message":{"ip":"::1","method":"GET","ms":5013,"path":"/count","status":500},"timestamp":"2026-09-13T17:39:49.541Z"}
{"level":"info","message":{"ip":"::1","method":"GET","ms":5021,"path":"/","status":500},"timestamp":"2026-09-13T17:39:54.564Z"}
{"level":"info","message":{"ip":"::1","method":"GET","ms":5029,"path":"/count","status":500},"timestamp":"2026-09-13T17:39:54.575Z"}
{"level":"info","message":{"ip":"::1","method":"GET","ms":3382,"path":"/","status":200},"timestamp":"2026-09-13T17:40:01.969Z"}
{"level":"info","message":{"ip":"::1","method":"GET","ms":6152,"path":"/count","status":200},"timestamp":"2026-09-13T17:40:04.741Z"}
{"level":"info","message":{"ip":"::1","method":"GET","ms":277,"path":"/count","status":304},"timestamp":"2026-09-13T17:40:18.611Z"}
{"level":"info","message":{"ip":"::1","method":"GET","ms":603,"path":"/","status":304},"timestamp":"2026-09-13T17:40:18.934Z"}
{"level":"info","message":{"ip":"::1","method":"GET","ms":1425,"path":"/count","status":304},"timestamp":"2026-09-13T17:40:39.754Z"}
{"level":"info","message":{"ip":"::1","method":"GET","ms":3383,"path":"/","status":304},"timestamp":"2026-09-13T17:40:41.702Z"}
{"level":"info","message":{"ip":"::1","method":"GET","ms":1262,"path":"/count","status":304},"timestamp":"2026-09-13T17:40:59.587Z"}
{"level":"info","message":{"ip":"::1","method":"GET","ms":1268,"path":"/","status":304},"timestamp":"2026-09-13T17:40:59.591Z"}
{"level":"info","message":{"ip":"::1","method":"GET","ms":2145,"path":"/count","status":304},"timestamp":"2026-09-13T17:41:46.458Z"}
{"level":"info","message":{"ip":"::1","method":"GET","ms":2170,"path":"/","status":304},"timestamp":"2026-09-13T17:41:46.473Z"}
{"level":"info","message":{"ip":"::1","method":"GET","ms":1823,"path":"/count","status":304},"timestamp":"2026-09-13T17:42:46.305Z"}
{"level":"info","message":{"ip":"::1","method":"GET","ms":1861,"path":"/","status":304},"timestamp":"2026-09-13T17:42:46.308Z"}
{"level":"info","message":{"ip":"::1","method":"GET","ms":5045,"path":"/","status":500},"timestamp":"2026-09-13T17:43:49.528Z"}
{"level":"info","message":{"ip":"::1","method":"GET","ms":5035,"path":"/count","status":500},"timestamp":"2026-09-13T17:43:49.534Z"}
{"level":"info","message":{"ip":"::1","method":"GET","ms":5024,"path":"/","status":500},"timestamp":"2026-09-13T17:44:49.436Z"}
{"level":"info","message":{"ip":"::1","method":"GET","ms":5003,"path":"/count","status":500},"timestamp":"2026-09-13T17:44:49.445Z"}
{"level":"info","message":{"ip":"::1","method":"GET","ms":5028,"path":"/","status":500},"timestamp":"2026-09-13T17:45:49.429Z"}
{"level":"info","message":{"ip":"::1","method":"GET","ms":5016,"path":"/count","status":500},"timestamp":"2026-09-13T17:45:49.438Z"}
{"level":"info","message":{"ip":"::1","method":"GET","ms":5020,"path":"/","status":500},"timestamp":"2026-09-13T17:46:49.502Z"}
{"level":"info","message":{"ip":"::1","method":"GET","ms":5006,"path":"/count","status":500},"timestamp":"2026-09-13T17:46:49.510Z"}
{"level":"info","message":{"ip":"::1","method":"GET","ms":5047,"path":"/","status":500},"timestamp":"2026-09-13T17:47:49.355Z"}
{"level":"info","message":{"ip":"::1","method":"GET","ms":5035,"path":"/count","status":500},"timestamp":"2026-09-13T17:47:49.371Z"}
{"level":"info","message":{"ip":"::1","method":"GET","ms":5018,"path":"/","status":500},"timestamp":"2026-09-13T17:48:49.393Z"}
{"level":"info","message":{"ip":"::1","method":"GET","ms":5020,"path":"/count","status":500},"timestamp":"2026-09-13T17:48:49.407Z"}
{"level":"info","message":{"ip":"::1","method":"GET","ms":5060,"path":"/","status":500},"timestamp":"2026-09-13T17:49:49.509Z"}
{"level":"info","message":{"ip":"::1","method":"GET","ms":5040,"path":"/count","status":500},"timestamp":"2026-09-13T17:49:49.530Z"}
{"level":"info","message":{"ip":"::1","method":"GET","ms":5011,"path":"/","status":500},"timestamp":"2026-09-13T17:50:49.492Z"}
{"level":"info","message":{"ip":"::1","method":"GET","ms":5000,"path":"/count","status":500},"timestamp":"2026-09-13T17:50:49.502Z"}
{"level":"info","message":{"ip":"::1","method":"GET","ms":5017,"path":"/","status":500},"timestamp":"2026-09-13T17:51:49.432Z"}
{"level":"info","message":{"ip":"::1","method":"GET","ms":4787,"path":"/count","status":500},"timestamp":"2026-09-13T17:51:49.440Z"}
{"level":"info","message":{"ip":"::1","method":"GET","ms":3006,"path":"/count","status":200},"timestamp":"2026-09-13T17:52:47.845Z"}
{"level":"info","message":{"ip":"::1","method":"GET","ms":5558,"path":"/","status":200},"timestamp":"2026-09-13T17:52:50.193Z"}
{"level":"info","message":{"ip":"::1","method":"GET","ms":508,"path":"/","status":304},"timestamp":"2026-09-13T17:53:45.186Z"}
{"level":"info","message":{"ip":"::1","method":"GET","ms":810,"path":"/count","status":304},"timestamp":"2026-09-13T17:53:45.606Z"}
{"level":"info","message":{"ip":"::1","method":"GET","ms":1124,"path":"/","status":304},"timestamp":"2026-09-13T17:54:45.685Z"}
{"level":"info","message":{"ip":"::1","method":"GET","ms":1047,"path":"/count","status":304},"timestamp":"2026-09-13T17:54:45.731Z"}
{"level":"info","message":{"ip":"::1","method":"GET","ms":628,"path":"/","status":304},"timestamp":"2026-09-13T17:55:45.407Z"}
{"level":"info","message":{"ip":"::1","method":"GET","ms":669,"path":"/count","status":304},"timestamp":"2026-09-13T17:55:45.659Z"}
{"level":"info","message":{"ip":"::1","method":"GET","ms":464,"path":"/","status":304},"timestamp":"2026-09-13T17:56:44.965Z"}
{"level":"info","message":{"ip":"::1","method":"GET","ms":439,"path":"/count","status":304},"timestamp":"2026-09-13T17:56:44.972Z"}
{"level":"info","message":{"ip":"::1","method":"GET","ms":529,"path":"/","status":304},"timestamp":"2026-09-13T17:57:45.146Z"}
{"level":"info","message":{"ip":"::1","method":"GET","ms":536,"path":"/count","status":304},"timestamp":"2026-09-13T17:57:45.159Z"}
{"level":"info","message":{"ip":"::1","method":"GET","ms":2406,"path":"/count","status":304},"timestamp":"2026-09-13T17:58:46.868Z"}
{"level":"info","message":{"ip":"::1","method":"GET","ms":4404,"path":"/","status":200},"timestamp":"2026-09-13T17:58:48.791Z"}
{"level":"info","message":{"ip":"::1","method":"GET","ms":569,"path":"/","status":304},"timestamp":"2026-09-13T17:59:44.877Z"}
{"level":"info","message":{"ip":"::1","method":"GET","ms":542,"path":"/count","status":304},"timestamp":"2026-09-13T17:59:44.960Z"}
{"level":"info","message":{"ip":"::1","method":"GET","ms":656,"path":"/count","status":304},"timestamp":"2026-09-13T17:59:58.970Z"}
{"level":"info","message":{"ip":"::1","method":"GET","ms":887,"path":"/","status":304},"timestamp":"2026-09-13T17:59:59.195Z"}
{"level":"info","message":{"ip":"::1","method":"GET","ms":517,"path":"/","status":304},"timestamp":"2026-09-13T18:00:18.813Z"}
{"level":"info","message":{"ip":"::1","method":"GET","ms":497,"path":"/count","status":304},"timestamp":"2026-09-13T18:00:18.836Z"}
{"level":"info","message":{"ip":"::1","method":"GET","ms":697,"path":"/","status":304},"timestamp":"2026-09-13T18:00:39.029Z"}
{"level":"info","message":{"ip":"::1","method":"GET","ms":697,"path":"/count","status":304},"timestamp":"2026-09-13T18:00:39.034Z"}
{"level":"info","message":{"ip":"::1","method":"GET","ms":496,"path":"/","status":304},"timestamp":"2026-09-13T18:01:45.548Z"}
{"level":"info","message":{"ip":"::1","method":"GET","ms":531,"path":"/count","status":304},"timestamp":"2026-09-13T18:01:45.744Z"}
{"level":"info","message":{"ip":"::1","method":"GET","ms":1048,"path":"/count","status":304},"timestamp":"2026-09-13T18:02:45.584Z"}
{"level":"info","message":{"ip":"::1","method":"GET","ms":1106,"path":"/","status":304},"timestamp":"2026-09-13T18:02:45.589Z"}
{"level":"info","message":{"ip":"::1","method":"GET","ms":289,"path":"/count","status":304},"timestamp":"2026-09-13T18:02:58.586Z"}
{"level":"info","message":{"ip":"::1","method":"GET","ms":295,"path":"/","status":304},"timestamp":"2026-09-13T18:02:58.589Z"}
{"level":"info","message":{"ip":"::1","method":"GET","ms":787,"path":"/","status":304},"timestamp":"2026-09-13T18:03:19.095Z"}
{"level":"info","message":{"ip":"::1","method":"GET","ms":793,"path":"/count","status":304},"timestamp":"2026-09-13T18:03:19.103Z"}
{"level":"info","message":{"ip":"::1","method":"GET","ms":547,"path":"/count","status":304},"timestamp":"2026-09-13T18:03:39.020Z"}
{"level":"info","message":{"ip":"::1","method":"GET","ms":581,"path":"/","status":304},"timestamp":"2026-09-13T18:03:39.030Z"}
{"level":"info","message":{"ip":"::1","method":"GET","ms":2685,"path":"/","status":304},"timestamp":"2026-09-13T18:04:47.008Z"}
{"level":"info","message":{"ip":"::1","method":"GET","ms":2684,"path":"/count","status":304},"timestamp":"2026-09-13T18:04:47.036Z"}
{"level":"info","message":{"ip":"::1","method":"GET","ms":774,"path":"/count","status":304},"timestamp":"2026-09-13T18:05:45.495Z"}
{"level":"info","message":{"ip":"::1","method":"GET","ms":787,"path":"/","status":304},"timestamp":"2026-09-13T18:05:45.505Z"}
{"level":"info","message":{"ip":"::1","method":"GET","ms":606,"path":"/","status":304},"timestamp":"2026-09-13T18:06:45.240Z"}
{"level":"info","message":{"ip":"::1","method":"GET","ms":784,"path":"/count","status":304},"timestamp":"2026-09-13T18:06:45.471Z"}
{"level":"info","message":{"ip":"::1","method":"GET","ms":580,"path":"/","status":304},"timestamp":"2026-09-13T18:07:45.548Z"}
{"level":"info","message":{"ip":"::1","method":"GET","ms":605,"path":"/count","status":304},"timestamp":"2026-09-13T18:07:45.575Z"}
{"level":"info","message":{"ip":"::1","method":"GET","ms":1093,"path":"/count","status":304},"timestamp":"2026-09-13T18:08:45.816Z"}
{"level":"info","message":{"ip":"::1","method":"GET","ms":1280,"path":"/","status":304},"timestamp":"2026-09-13T18:08:45.974Z"}
{"level":"info","message":{"ip":"::1","method":"GET","ms":1704,"path":"/count","status":304},"timestamp":"2026-09-13T18:09:46.011Z"}
{"level":"info","message":{"ip":"::1","method":"GET","ms":1708,"path":"/","status":304},"timestamp":"2026-09-13T18:09:46.013Z"}
{"level":"info","message":{"ip":"::1","method":"GET","ms":3839,"path":"/","status":304},"timestamp":"2026-09-13T18:10:49.041Z"}
{"level":"info","message":{"ip":"::1","method":"GET","ms":2843,"path":"/count","status":304},"timestamp":"2026-09-13T18:10:49.103Z"}
{"level":"info","message":{"ip":"::1","method":"GET","ms":2071,"path":"/","status":304},"timestamp":"2026-09-13T18:11:46.589Z"}
{"level":"info","message":{"ip":"::1","method":"GET","ms":2042,"path":"/count","status":304},"timestamp":"2026-09-13T18:11:46.595Z"}
{"level":"info","message":{"ip":"::1","method":"GET","ms":1166,"path":"/count","status":304},"timestamp":"2026-09-13T18:12:45.665Z"}
{"level":"info","message":{"ip":"::1","method":"GET","ms":1181,"path":"/","status":304},"timestamp":"2026-09-13T18:12:45.676Z"}
{"level":"info","message":{"ip":"::1","method":"GET","ms":1323,"path":"/count","status":304},"timestamp":"2026-09-13T18:13:45.623Z"}
{"level":"info","message":{"ip":"::1","method":"GET","ms":1332,"path":"/","status":304},"timestamp":"2026-09-13T18:13:45.630Z"}
{"level":"info","message":{"ip":"::1","method":"GET","ms":779,"path":"/","status":304},"timestamp":"2026-09-13T18:14:45.084Z"}
{"level":"info","message":{"ip":"::1","method":"GET","ms":758,"path":"/count","status":304},"timestamp":"2026-09-13T18:14:45.089Z"}
{"level":"info","message":{"ip":"::1","method":"GET","ms":1066,"path":"/","status":304},"timestamp":"2026-09-13T18:15:45.499Z"}
{"level":"info","message":{"ip":"::1","method":"GET","ms":1073,"path":"/count","status":304},"timestamp":"2026-09-13T18:15:45.531Z"}
{"level":"info","message":{"ip":"::1","method":"GET","ms":4157,"path":"/count","status":304},"timestamp":"2026-09-13T18:15:58.526Z"}
{"level":"info","message":{"ip":"::1","method":"GET","ms":4301,"path":"/","status":304},"timestamp":"2026-09-13T18:15:58.668Z"}
{"level":"info","message":{"ip":"::1","method":"GET","ms":4278,"path":"/","status":200},"timestamp":"2026-09-13T18:15:58.676Z"}
{"level":"info","message":{"ip":"::1","method":"GET","ms":242,"path":"/count","status":304},"timestamp":"2026-09-13T18:15:58.772Z"}
{"level":"info","message":{"ip":"::1","method":"GET","ms":505,"path":"/","status":304},"timestamp":"2026-09-13T18:15:59.187Z"}
{"level":"info","message":{"ip":"::1","method":"GET","ms":509,"path":"/","status":304},"timestamp":"2026-09-13T18:15:59.194Z"}
{"level":"info","message":{"ip":"::1","method":"GET","ms":5967,"path":"/history","status":200},"timestamp":"2026-09-13T18:16:00.338Z"}
{"level":"info","message":{"ip":"::1","method":"GET","ms":923,"path":"/history","status":304},"timestamp":"2026-09-13T18:16:01.292Z"}
{"level":"info","message":{"ip":"::1","method":"POST","ms":13,"path":"/api/auth/send-otp","status":404},"timestamp":"2026-09-18T13:51:29.361Z"}
{"level":"info","message":{"ip":"::1","method":"POST","ms":4953,"path":"/login","status":200},"timestamp":"2026-09-18T13:58:00.386Z"}
{"level":"info","message":{"ip":"::1","method":"POST","ms":4364,"path":"/login","status":200},"timestamp":"2026-09-18T14:02:46.465Z"}
{"level":"info","message":{"ip":"::1","method":"POST","ms":6702,"path":"/login","status":200},"timestamp":"2026-09-18T14:08:29.090Z"}
{"level":"info","message":{"ip":"::1","method":"POST","ms":29167,"path":"/login","status":200},"timestamp":"2026-09-18T14:23:38.859Z"}
{"level":"info","message":{"ip":"::1","method":"POST","ms":5705,"path":"/login","status":200},"timestamp":"2026-09-18T15:04:36.969Z"}
{"level":"info","message":{"ip":"::1","method":"POST","ms":497,"path":"/verify-otp","status":400},"timestamp":"2026-09-18T15:05:03.006Z"}
{"level":"info","message":{"ip":"::1","method":"POST","ms":2898,"path":"/login","status":200},"timestamp":"2026-09-18T15:07:56.282Z"}
{"level":"info","message":{"ip":"::1","method":"POST","ms":10865,"path":"/verify-otp","status":200},"timestamp":"2026-09-18T15:09:39.680Z"}
{"level":"info","message":{"ip":"::1","method":"POST","ms":2159,"path":"/login","status":200},"timestamp":"2026-09-18T15:12:50.769Z"}
{"level":"info","message":{"ip":"::1","method":"POST","ms":1,"path":"/resend-otp","status":401},"timestamp":"2026-09-18T15:15:20.527Z"}
{"level":"info","message":{"ip":"::1","method":"POST","ms":3957,"path":"/login","status":200},"timestamp":"2026-09-18T15:15:50.595Z"}
{"level":"info","message":{"ip":"::1","method":"POST","ms":1,"path":"/resend-otp","status":401},"timestamp":"2026-09-18T15:17:01.618Z"}
{"level":"info","message":{"ip":"::1","method":"POST","ms":1403,"path":"/login","status":200},"timestamp":"2026-09-18T15:18:41.344Z"}
{"level":"info","message":{"ip":"::1","method":"POST","ms":1,"path":"/resend-otp","status":401},"timestamp":"2026-09-18T15:19:26.945Z"}
{"level":"info","message":{"ip":"::1","method":"POST","ms":4144,"path":"/verify-otp","status":200},"timestamp":"2026-09-18T15:22:31.556Z"}
{"level":"info","message":{"ip":"::1","method":"POST","ms":3222,"path":"/change-pin","status":500},"timestamp":"2026-09-18T15:23:48.145Z"}
{"level":"info","message":{"ip":"::1","method":"POST","ms":42155,"path":"/login","status":200},"timestamp":"2026-09-18T15:32:21.989Z"}
{"level":"info","message":{"ip":"::1","method":"POST","ms":3311,"path":"/verify-otp","status":200},"timestamp":"2026-09-18T15:33:29.429Z"}
{"level":"info","message":{"ip":"::1","method":"POST","ms":69938,"path":"/change-pin","status":200},"timestamp":"2026-09-18T15:36:08.513Z"}
{"clientVersion":"6.19.3","level":"error","name":"PrismaClientInitializationError","timestamp":"2026-09-18T15:48:20.993Z"}
{"level":"info","message":{"ip":"::1","method":"POST","ms":60050,"path":"/api/signup/start","status":500},"timestamp":"2026-09-18T15:48:51.011Z"}
{"level":"info","message":{"ip":"::1","method":"POST","ms":7046,"path":"/start","status":200},"timestamp":"2026-09-18T15:56:09.579Z"}
{"level":"info","message":{"ip":"::1","method":"POST","ms":2711,"path":"/login","status":200},"timestamp":"2026-09-18T15:57:00.648Z"}
{"level":"info","message":{"ip":"::1","method":"POST","ms":6589,"path":"/verify-otp","status":400},"timestamp":"2026-09-18T16:02:54.778Z"}
{"level":"info","message":{"ip":"::1","method":"POST","ms":2364,"path":"/login","status":200},"timestamp":"2026-09-18T16:05:00.385Z"}
{"level":"info","message":{"ip":"::1","method":"POST","ms":1480,"path":"/verify-otp","status":200},"timestamp":"2026-09-18T16:05:48.036Z"}
{"level":"info","message":{"ip":"::1","method":"GET","ms":954,"path":"/applications","status":200},"timestamp":"2026-09-18T16:06:15.968Z"}
{"level":"info","message":{"ip":"::1","method":"POST","ms":7783,"path":"/applications/6360f208-3efa-469e-beb5-c30f2dbce362/approve","status":200},"timestamp":"2026-09-18T16:07:09.791Z"}
{"level":"info","message":{"ip":"::1","method":"POST","ms":4320,"path":"/activate","status":200},"timestamp":"2026-09-18T16:08:26.485Z"}
{"level":"info","message":{"ip":"::1","method":"POST","ms":2264,"path":"/login","status":200},"timestamp":"2026-09-18T16:09:37.128Z"}
{"level":"info","message":{"ip":"::1","method":"POST","ms":550,"path":"/verify-otp","status":400},"timestamp":"2026-09-18T16:11:07.310Z"}
{"level":"info","message":{"ip":"::1","method":"POST","ms":514,"path":"/verify-otp","status":400},"timestamp":"2026-09-18T16:11:40.322Z"}
{"level":"info","message":{"ip":"::1","method":"POST","ms":2882,"path":"/verify-otp","status":200},"timestamp":"2026-09-18T16:12:01.973Z"}
{"level":"info","message":{"ip":"::1","method":"POST","ms":11957,"path":"/start","status":200},"timestamp":"2026-09-19T08:51:20.414Z"}
{"level":"info","message":{"ip":"::1","method":"POST","ms":4273,"path":"/activate","status":403},"timestamp":"2026-09-19T09:02:08.771Z"}
{"level":"info","message":{"ip":"::1","method":"POST","ms":7821,"path":"/activate","status":200},"timestamp":"2026-09-19T09:03:54.933Z"}
{"level":"info","message":{"ip":"::1","method":"GET","ms":3,"path":"/","status":200},"timestamp":"2026-09-19T09:22:00.624Z"}
{"level":"info","message":{"ip":"::ffff:127.0.0.1","method":"POST","ms":3462,"path":"/login","status":200},"timestamp":"2026-09-19T09:38:17.547Z"}
{"level":"info","message":{"ip":"::ffff:127.0.0.1","method":"POST","ms":2139,"path":"/verify-otp","status":200},"timestamp":"2026-09-19T09:38:20.059Z"}
{"level":"info","message":{"ip":"::ffff:127.0.0.1","method":"POST","ms":2868,"path":"/initiate","status":200},"timestamp":"2026-09-19T09:38:22.949Z"}
{"level":"info","message":{"ip":"::ffff:127.0.0.1","method":"POST","ms":1940,"path":"/initiate","status":200},"timestamp":"2026-09-19T09:38:25.495Z"}
{"level":"info","message":{"ip":"::ffff:127.0.0.1","method":"POST","ms":7969,"path":"/confirm","status":409},"timestamp":"2026-09-19T09:38:33.784Z"}
{"level":"info","message":{"ip":"::ffff:127.0.0.1","method":"POST","ms":7981,"path":"/confirm","status":200},"timestamp":"2026-09-19T09:38:33.790Z"}
{"level":"info","message":{"ip":"::ffff:127.0.0.1","method":"POST","ms":1714,"path":"/initiate","status":200},"timestamp":"2026-09-19T09:38:35.529Z"}
{"level":"info","message":{"ip":"::ffff:127.0.0.1","method":"POST","ms":6132,"path":"/confirm","status":200},"timestamp":"2026-09-19T09:38:41.969Z"}
{"level":"info","message":{"ip":"::ffff:127.0.0.1","method":"POST","ms":497,"path":"/confirm","status":404},"timestamp":"2026-09-19T09:38:42.481Z"}
{"level":"info","message":{"ip":"::ffff:127.0.0.1","method":"POST","ms":1031,"path":"/initiate","status":400},"timestamp":"2026-09-19T09:38:43.531Z"}
{"level":"info","message":{"ip":"::ffff:127.0.0.1","method":"POST","ms":7786,"path":"/start","status":200},"timestamp":"2026-09-19T09:38:56.934Z"}
{"level":"info","message":{"ip":"::ffff:127.0.0.1","method":"POST","ms":1726,"path":"/login","status":403},"timestamp":"2026-09-19T09:39:00.504Z"}
{"level":"info","message":{"ip":"::ffff:127.0.0.1","method":"POST","ms":6682,"path":"/activate","status":200},"timestamp":"2026-09-19T09:39:07.807Z"}
{"level":"info","message":{"ip":"::ffff:127.0.0.1","method":"POST","ms":2036,"path":"/login","status":200},"timestamp":"2026-09-19T09:39:11.358Z"}
{"level":"info","message":{"ip":"::ffff:127.0.0.1","method":"POST","ms":1732,"path":"/login","status":200},"timestamp":"2026-09-19T09:39:13.611Z"}
{"level":"info","message":{"ip":"::ffff:127.0.0.1","method":"POST","ms":1753,"path":"/verify-otp","status":200},"timestamp":"2026-09-19T09:39:15.678Z"}
{"clientVersion":"6.19.3","level":"error","name":"PrismaClientInitializationError","timestamp":"2026-09-19T10:19:35.347Z"}
{"level":"info","message":{"ip":"::ffff:127.0.0.1","method":"POST","ms":8206,"path":"/api/signup/start","status":500},"timestamp":"2026-09-19T10:19:39.431Z"}
{"level":"info","message":{"ip":"::ffff:127.0.0.1","method":"POST","ms":4049,"path":"/login","status":400},"timestamp":"2026-09-19T10:19:43.492Z"}
{"level":"info","message":{"ip":"::ffff:127.0.0.1","method":"POST","ms":4080,"path":"/login","status":400},"timestamp":"2026-09-19T10:19:51.648Z"}
{"level":"info","message":{"ip":"::ffff:127.0.0.1","method":"POST","ms":4072,"path":"/login","status":400},"timestamp":"2026-09-19T10:19:55.728Z"}
{"level":"info","message":{"ip":"::ffff:127.0.0.1","method":"POST","ms":7667,"path":"/start","status":200},"timestamp":"2026-09-19T10:29:44.196Z"}
{"level":"info","message":{"ip":"::ffff:127.0.0.1","method":"POST","ms":1695,"path":"/login","status":403},"timestamp":"2026-09-19T10:29:47.773Z"}
{"level":"info","message":{"ip":"::ffff:127.0.0.1","method":"POST","ms":4546,"path":"/activate","status":200},"timestamp":"2026-09-19T10:29:52.942Z"}
{"level":"info","message":{"ip":"::ffff:127.0.0.1","method":"POST","ms":1931,"path":"/login","status":200},"timestamp":"2026-09-19T10:29:56.579Z"}
{"level":"info","message":{"ip":"::ffff:127.0.0.1","method":"POST","ms":1166,"path":"/login","status":200},"timestamp":"2026-09-19T10:29:58.063Z"}
{"level":"info","message":{"ip":"::ffff:127.0.0.1","method":"POST","ms":1411,"path":"/verify-otp","status":200},"timestamp":"2026-09-19T10:29:59.753Z"}
{"level":"info","message":{"ip":"::ffff:127.0.0.1","method":"POST","ms":2254,"path":"/login","status":200},"timestamp":"2026-09-19T10:30:11.325Z"}
{"level":"info","message":{"ip":"::ffff:127.0.0.1","method":"POST","ms":1790,"path":"/verify-otp","status":200},"timestamp":"2026-09-19T10:30:13.429Z"}
{"level":"info","message":{"ip":"::ffff:127.0.0.1","method":"POST","ms":2797,"path":"/initiate","status":200},"timestamp":"2026-09-19T10:30:16.250Z"}
{"level":"info","message":{"ip":"::ffff:127.0.0.1","method":"POST","ms":1531,"path":"/initiate","status":200},"timestamp":"2026-09-19T10:30:18.397Z"}
{"level":"info","message":{"ip":"::ffff:127.0.0.1","method":"POST","ms":6602,"path":"/confirm","status":409},"timestamp":"2026-09-19T10:30:25.354Z"}
{"level":"info","message":{"ip":"::ffff:127.0.0.1","method":"POST","ms":6913,"path":"/confirm","status":200},"timestamp":"2026-09-19T10:30:25.661Z"}
{"level":"info","message":{"ip":"::ffff:127.0.0.1","method":"POST","ms":1725,"path":"/initiate","status":200},"timestamp":"2026-09-19T10:30:27.407Z"}
{"level":"info","message":{"ip":"::ffff:127.0.0.1","method":"POST","ms":5112,"path":"/confirm","status":200},"timestamp":"2026-09-19T10:30:32.829Z"}
{"level":"info","message":{"ip":"::ffff:127.0.0.1","method":"POST","ms":242,"path":"/confirm","status":404},"timestamp":"2026-09-19T10:30:33.083Z"}
{"level":"info","message":{"ip":"::ffff:127.0.0.1","method":"POST","ms":1151,"path":"/initiate","status":400},"timestamp":"2026-09-19T10:30:34.253Z"}
{"level":"info","message":{"ip":"::ffff:127.0.0.1","method":"POST","ms":2192,"path":"/login","status":200},"timestamp":"2026-09-19T12:08:37.840Z"}
{"level":"info","message":{"ip":"::ffff:127.0.0.1","method":"POST","ms":1394,"path":"/verify-otp","status":200},"timestamp":"2026-09-19T12:08:39.779Z"}
{"level":"info","message":{"ip":"::ffff:127.0.0.1","method":"POST","ms":2145,"path":"/initiate","status":200},"timestamp":"2026-09-19T12:08:41.954Z"}
{"level":"info","message":{"ip":"::ffff:127.0.0.1","method":"POST","ms":2033,"path":"/initiate","status":200},"timestamp":"2026-09-19T12:08:44.293Z"}
{"level":"info","message":{"ip":"::ffff:127.0.0.1","method":"POST","ms":4883,"path":"/confirm","status":409},"timestamp":"2026-09-19T12:08:49.506Z"}
{"level":"info","message":{"ip":"::ffff:127.0.0.1","method":"POST","ms":4901,"path":"/confirm","status":200},"timestamp":"2026-09-19T12:08:49.512Z"}
{"level":"info","message":{"ip":"::ffff:127.0.0.1","method":"POST","ms":1977,"path":"/initiate","status":200},"timestamp":"2026-09-19T12:08:51.519Z"}
{"level":"info","message":{"ip":"::ffff:127.0.0.1","method":"POST","ms":5973,"path":"/confirm","status":200},"timestamp":"2026-09-19T12:08:57.842Z"}
{"level":"info","message":{"ip":"::ffff:127.0.0.1","method":"POST","ms":354,"path":"/confirm","status":404},"timestamp":"2026-09-19T12:08:58.210Z"}
{"level":"info","message":{"ip":"::ffff:127.0.0.1","method":"POST","ms":1418,"path":"/initiate","status":400},"timestamp":"2026-09-19T12:08:59.648Z"}
{"level":"info","message":{"ip":"::ffff:127.0.0.1","method":"POST","ms":4962,"path":"/start","status":200},"timestamp":"2026-09-19T12:09:07.941Z"}
{"level":"info","message":{"ip":"::ffff:127.0.0.1","method":"POST","ms":1422,"path":"/login","status":403},"timestamp":"2026-09-19T12:09:10.397Z"}
{"level":"info","message":{"ip":"::ffff:127.0.0.1","method":"POST","ms":4402,"path":"/activate","status":200},"timestamp":"2026-09-19T12:09:15.215Z"}
{"level":"info","message":{"ip":"::ffff:127.0.0.1","method":"POST","ms":2451,"path":"/login","status":200},"timestamp":"2026-09-19T12:09:18.998Z"}
{"level":"info","message":{"ip":"::ffff:127.0.0.1","method":"POST","ms":2579,"path":"/login","status":200},"timestamp":"2026-09-19T12:09:21.865Z"}
{"level":"info","message":{"ip":"::ffff:127.0.0.1","method":"POST","ms":1234,"path":"/verify-otp","status":200},"timestamp":"2026-09-19T12:09:23.413Z"}
{"level":"info","message":{"ip":"::ffff:127.0.0.1","method":"POST","ms":2079,"path":"/login","status":200},"timestamp":"2026-09-19T17:31:16.787Z"}
{"level":"info","message":{"ip":"::ffff:127.0.0.1","method":"POST","ms":1509,"path":"/verify-otp","status":200},"timestamp":"2026-09-19T17:31:18.708Z"}
{"level":"info","message":{"ip":"::ffff:127.0.0.1","method":"POST","ms":2255,"path":"/initiate","status":200},"timestamp":"2026-09-19T17:31:20.998Z"}
{"level":"info","message":{"ip":"::ffff:127.0.0.1","method":"POST","ms":2148,"path":"/initiate","status":200},"timestamp":"2026-09-19T17:31:23.435Z"}
{"level":"info","message":{"ip":"::ffff:127.0.0.1","method":"POST","ms":5239,"path":"/confirm","status":409},"timestamp":"2026-09-19T17:31:29.108Z"}
{"level":"info","message":{"ip":"::ffff:127.0.0.1","method":"POST","ms":5358,"path":"/confirm","status":200},"timestamp":"2026-09-19T17:31:29.216Z"}
{"level":"info","message":{"ip":"::ffff:127.0.0.1","method":"POST","ms":1968,"path":"/initiate","status":200},"timestamp":"2026-09-19T17:31:31.218Z"}
{"level":"info","message":{"ip":"::ffff:127.0.0.1","method":"POST","ms":5557,"path":"/confirm","status":200},"timestamp":"2026-09-19T17:31:37.094Z"}
{"level":"info","message":{"ip":"::ffff:127.0.0.1","method":"POST","ms":353,"path":"/confirm","status":404},"timestamp":"2026-09-19T17:31:37.461Z"}
{"level":"info","message":{"ip":"::ffff:127.0.0.1","method":"POST","ms":1725,"path":"/initiate","status":400},"timestamp":"2026-09-19T17:31:39.205Z"}
{"level":"info","message":{"ip":"::ffff:127.0.0.1","method":"POST","ms":5913,"path":"/start","status":200},"timestamp":"2026-09-19T17:31:48.522Z"}
{"level":"info","message":{"ip":"::ffff:127.0.0.1","method":"POST","ms":1508,"path":"/login","status":403},"timestamp":"2026-09-19T17:31:51.269Z"}
{"level":"info","message":{"ip":"::ffff:127.0.0.1","method":"POST","ms":3608,"path":"/activate","status":200},"timestamp":"2026-09-19T17:31:55.184Z"}
{"level":"info","message":{"ip":"::ffff:127.0.0.1","method":"POST","ms":1728,"path":"/login","status":200},"timestamp":"2026-09-19T17:31:58.247Z"}
{"level":"info","message":{"ip":"::ffff:127.0.0.1","method":"POST","ms":1937,"path":"/login","status":200},"timestamp":"2026-09-19T17:32:00.501Z"}
{"level":"info","message":{"ip":"::ffff:127.0.0.1","method":"POST","ms":1151,"path":"/verify-otp","status":200},"timestamp":"2026-09-19T17:32:01.973Z"}
{"level":"info","message":{"ip":"::ffff:127.0.0.1","method":"POST","ms":1373,"path":"/login","status":200},"timestamp":"2026-09-22T05:32:25.420Z"}
{"level":"info","message":{"ip":"::ffff:127.0.0.1","method":"POST","ms":1012,"path":"/verify-otp","status":200},"timestamp":"2026-09-22T05:32:26.745Z"}
{"level":"info","message":{"ip":"::ffff:127.0.0.1","method":"POST","ms":1553,"path":"/initiate","status":200},"timestamp":"2026-09-22T05:32:28.309Z"}
{"level":"info","message":{"ip":"::ffff:127.0.0.1","method":"POST","ms":1396,"path":"/initiate","status":200},"timestamp":"2026-09-22T05:32:29.951Z"}
{"level":"info","message":{"ip":"::ffff:127.0.0.1","method":"POST","ms":4015,"path":"/confirm","status":409},"timestamp":"2026-09-22T05:32:34.215Z"}
{"level":"info","message":{"ip":"::ffff:127.0.0.1","method":"POST","ms":4028,"path":"/confirm","status":200},"timestamp":"2026-09-22T05:32:34.225Z"}
{"level":"info","message":{"ip":"::ffff:127.0.0.1","method":"POST","ms":1421,"path":"/initiate","status":200},"timestamp":"2026-09-22T05:32:35.652Z"}
{"level":"info","message":{"ip":"::ffff:127.0.0.1","method":"POST","ms":4637,"path":"/confirm","status":200},"timestamp":"2026-09-22T05:32:40.612Z"}
{"level":"info","message":{"ip":"::ffff:127.0.0.1","method":"POST","ms":313,"path":"/confirm","status":404},"timestamp":"2026-09-22T05:32:40.930Z"}
{"level":"info","message":{"ip":"::ffff:127.0.0.1","method":"POST","ms":912,"path":"/initiate","status":400},"timestamp":"2026-09-22T05:32:41.848Z"}
{"level":"info","message":{"ip":"::ffff:127.0.0.1","method":"POST","ms":4299,"path":"/start","status":200},"timestamp":"2026-09-22T05:32:48.291Z"}
{"level":"info","message":{"ip":"::ffff:127.0.0.1","method":"POST","ms":855,"path":"/login","status":403},"timestamp":"2026-09-22T05:32:49.942Z"}
{"level":"info","message":{"ip":"::ffff:127.0.0.1","method":"POST","ms":3066,"path":"/activate","status":200},"timestamp":"2026-09-22T05:32:53.262Z"}
{"level":"info","message":{"ip":"::ffff:127.0.0.1","method":"POST","ms":1177,"path":"/login","status":200},"timestamp":"2026-09-22T05:32:55.549Z"}
{"level":"info","message":{"ip":"::ffff:127.0.0.1","method":"POST","ms":1263,"path":"/login","status":200},"timestamp":"2026-09-22T05:32:57.055Z"}
{"level":"info","message":{"ip":"::ffff:127.0.0.1","method":"POST","ms":1232,"path":"/verify-otp","status":200},"timestamp":"2026-09-22T05:32:58.530Z"}
{"level":"info","message":{"ip":"::1","method":"GET","ms":19,"path":"/","status":401},"timestamp":"2026-09-22T05:45:26.371Z"}
{"level":"info","message":{"ip":"::1","method":"GET","ms":3,"path":"/","status":401},"timestamp":"2026-09-22T05:45:26.381Z"}
{"level":"info","message":{"ip":"::1","method":"GET","ms":3,"path":"/count","status":401},"timestamp":"2026-09-22T05:45:26.394Z"}
{"level":"info","message":{"ip":"::1","method":"GET","ms":2,"path":"/count","status":401},"timestamp":"2026-09-22T05:45:26.399Z"}
{"level":"info","message":{"ip":"::1","method":"GET","ms":21,"path":"/history","status":401},"timestamp":"2026-09-22T05:45:26.436Z"}
{"level":"info","message":{"ip":"::1","method":"GET","ms":4,"path":"/history","status":401},"timestamp":"2026-09-22T05:45:26.441Z"}
{"level":"info","message":{"ip":"::1","method":"GET","ms":2,"path":"/","status":401},"timestamp":"2026-09-22T05:45:26.446Z"}
{"level":"info","message":{"ip":"::1","method":"GET","ms":2,"path":"/","status":401},"timestamp":"2026-09-22T05:45:26.450Z"}
{"level":"info","message":{"ip":"::1","method":"POST","ms":7008,"path":"/start","status":200},"timestamp":"2026-09-22T05:53:59.131Z"}
{"level":"info","message":{"ip":"::1","method":"GET","ms":5,"path":"/api/crypto/alerts.","status":404},"timestamp":"2026-09-22T05:57:55.821Z"}
{"level":"info","message":{"ip":"::1","method":"GET","ms":2,"path":"/api/crypto/alerts.","status":404},"timestamp":"2026-09-22T05:58:01.785Z"}
{"level":"info","message":{"ip":"::1","method":"GET","ms":2,"path":"/api/crypto/alerts.","status":404},"timestamp":"2026-09-22T06:06:12.431Z"}
{"level":"info","message":{"ip":"::1","method":"GET","ms":2,"path":"/api/crypto/alerts.","status":404},"timestamp":"2026-09-22T06:06:14.072Z"}
{"level":"info","message":{"ip":"::1","method":"GET","ms":2,"path":"/api/crypto/alerts.","status":404},"timestamp":"2026-09-22T06:06:16.285Z"}
{"level":"info","message":{"ip":"::1","method":"GET","ms":11,"path":"/api/crypto/alerts","status":404},"timestamp":"2026-09-22T07:11:50.303Z"}
{"level":"info","message":{"ip":"::1","method":"GET","ms":2,"path":"/api/crypto/alerts","status":404},"timestamp":"2026-09-22T07:11:51.239Z"}
{"level":"info","message":{"ip":"::1","method":"GET","ms":2,"path":"/api/crypto/alerts","status":404},"timestamp":"2026-09-22T07:12:24.782Z"}
{"level":"info","message":{"ip":"::1","method":"GET","ms":2,"path":"/api/crypto/alerts","status":404},"timestamp":"2026-09-22T07:12:24.786Z"}
{"level":"info","message":{"ip":"::1","method":"GET","ms":3,"path":"/api/crypto/alerts","status":404},"timestamp":"2026-09-22T07:12:50.287Z"}
{"level":"info","message":{"ip":"::1","method":"GET","ms":2,"path":"/api/crypto/alerts","status":404},"timestamp":"2026-09-22T07:13:24.794Z"}
{"level":"info","message":{"ip":"::1","method":"GET","ms":2,"path":"/api/crypto/alerts","status":404},"timestamp":"2026-09-22T07:13:50.275Z"}
{"level":"info","message":{"ip":"::1","method":"POST","ms":4340,"path":"/login","status":200},"timestamp":"2026-09-22T07:13:56.033Z"}
{"level":"info","message":{"ip":"::1","method":"POST","ms":3209,"path":"/verify-otp","status":200},"timestamp":"2026-09-22T07:14:21.861Z"}
{"level":"info","message":{"ip":"::1","method":"GET","ms":379,"path":"/","status":200},"timestamp":"2026-09-22T07:14:22.373Z"}
{"level":"info","message":{"ip":"::1","method":"GET","ms":311,"path":"/","status":304},"timestamp":"2026-09-22T07:14:22.688Z"}
{"level":"info","message":{"ip":"::1","method":"GET","ms":2235,"path":"/count","status":200},"timestamp":"2026-09-22T07:14:24.237Z"}
{"level":"info","message":{"ip":"::1","method":"GET","ms":2222,"path":"/","status":200},"timestamp":"2026-09-22T07:14:24.243Z"}
{"level":"info","message":{"ip":"::1","method":"GET","ms":2609,"path":"/history","status":200},"timestamp":"2026-09-22T07:14:24.625Z"}
{"level":"info","message":{"ip":"::1","method":"GET","ms":380,"path":"/count","status":304},"timestamp":"2026-09-22T07:14:24.628Z"}
{"level":"info","message":{"ip":"::1","method":"GET","ms":378,"path":"/","status":304},"timestamp":"2026-09-22T07:14:24.633Z"}
{"level":"info","message":{"ip":"::1","method":"GET","ms":705,"path":"/history","status":304},"timestamp":"2026-09-22T07:14:25.341Z"}
{"level":"info","message":{"ip":"::1","method":"GET","ms":717,"path":"/applications","status":200},"timestamp":"2026-09-22T07:14:26.468Z"}
{"level":"info","message":{"ip":"::1","method":"GET","ms":692,"path":"/applications/rejected","status":200},"timestamp":"2026-09-22T07:14:26.472Z"}
{"level":"info","message":{"ip":"::1","method":"GET","ms":714,"path":"/applications/approved","status":200},"timestamp":"2026-09-22T07:14:26.476Z"}
{"level":"info","message":{"ip":"::1","method":"GET","ms":1099,"path":"/pending","status":200},"timestamp":"2026-09-22T07:14:26.883Z"}
{"level":"info","message":{"ip":"::1","method":"GET","ms":630,"path":"/","status":200},"timestamp":"2026-09-22T07:14:27.119Z"}
{"level":"info","message":{"ip":"::1","method":"GET","ms":632,"path":"/applications","status":304},"timestamp":"2026-09-22T07:14:27.131Z"}
{"level":"info","message":{"ip":"::1","method":"GET","ms":613,"path":"/applications/approved","status":304},"timestamp":"2026-09-22T07:14:27.507Z"}
{"level":"info","message":{"ip":"::1","method":"GET","ms":657,"path":"/","status":304},"timestamp":"2026-09-22T07:14:27.802Z"}
{"level":"info","message":{"ip":"::1","method":"GET","ms":945,"path":"/pending","status":304},"timestamp":"2026-09-22T07:14:28.067Z"}
{"level":"info","message":{"ip":"::1","method":"GET","ms":2625,"path":"/deposits/pending","status":200},"timestamp":"2026-09-22T07:14:28.414Z"}
{"level":"info","message":{"ip":"::1","method":"GET","ms":2867,"path":"/credentials","status":200},"timestamp":"2026-09-22T07:14:28.663Z"}
{"level":"info","message":{"ip":"::1","method":"GET","ms":608,"path":"/deposits/pending","status":304},"timestamp":"2026-09-22T07:14:29.026Z"}
{"level":"info","message":{"ip":"::1","method":"GET","ms":2520,"path":"/applications/rejected","status":304},"timestamp":"2026-09-22T07:14:29.028Z"}
{"level":"info","message":{"ip":"::1","method":"GET","ms":925,"path":"/credentials","status":304},"timestamp":"2026-09-22T07:14:29.591Z"}
{"level":"info","message":{"ip":"::1","method":"GET","ms":2360,"path":"/","status":304},"timestamp":"2026-09-22T07:14:44.367Z"}
{"level":"info","message":{"ip":"::1","method":"GET","ms":2355,"path":"/count","status":304},"timestamp":"2026-09-22T07:14:44.370Z"}
{"level":"info","message":{"ip":"::1","method":"GET","ms":2,"path":"/api/crypto/alerts","status":404},"timestamp":"2026-09-22T07:14:56.278Z"}
{"level":"info","message":{"ip":"::1","method":"POST","ms":2557,"path":"/applications/f0eecbfd-ba03-4f38-adb3-5809e1ca590b/approve","status":200},"timestamp":"2026-09-22T07:15:00.150Z"}
{"level":"info","message":{"ip":"::1","method":"GET","ms":676,"path":"/applications","status":200},"timestamp":"2026-09-22T07:15:00.856Z"}
{"level":"info","message":{"ip":"::1","method":"GET","ms":637,"path":"/","status":304},"timestamp":"2026-09-22T07:15:01.511Z"}
{"level":"info","message":{"ip":"::1","method":"GET","ms":306,"path":"/","status":304},"timestamp":"2026-09-22T07:15:02.307Z"}
{"level":"info","message":{"ip":"::1","method":"GET","ms":241,"path":"/count","status":304},"timestamp":"2026-09-22T07:15:02.550Z"}
{"level":"info","message":{"ip":"::1","method":"GET","ms":2366,"path":"/deposits/pending","status":304},"timestamp":"2026-09-22T07:15:02.581Z"}
{"level":"info","message":{"ip":"::1","method":"GET","ms":2492,"path":"/applications/approved","status":200},"timestamp":"2026-09-22T07:15:02.681Z"}
{"level":"info","message":{"ip":"::1","method":"GET","ms":2491,"path":"/applications/rejected","status":304},"timestamp":"2026-09-22T07:15:02.687Z"}
{"level":"info","message":{"ip":"::1","method":"GET","ms":2621,"path":"/pending","status":304},"timestamp":"2026-09-22T07:15:02.827Z"}
{"level":"info","message":{"ip":"::1","method":"GET","ms":2712,"path":"/credentials","status":304},"timestamp":"2026-09-22T07:15:02.932Z"}
{"level":"info","message":{"ip":"::1","method":"GET","ms":1912,"path":"/","status":304},"timestamp":"2026-09-22T07:15:23.931Z"}
{"level":"info","message":{"ip":"::1","method":"GET","ms":1911,"path":"/count","status":304},"timestamp":"2026-09-22T07:15:23.935Z"}
{"level":"info","message":{"ip":"::1","method":"GET","ms":2384,"path":"/","status":304},"timestamp":"2026-09-22T07:15:44.631Z"}
{"level":"info","message":{"ip":"::1","method":"GET","ms":2380,"path":"/count","status":304},"timestamp":"2026-09-22T07:15:44.634Z"}
{"level":"info","message":{"ip":"::1","method":"GET","ms":1,"path":"/api/crypto/alerts","status":404},"timestamp":"2026-09-22T07:15:49.117Z"}
{"level":"info","message":{"ip":"::1","method":"GET","ms":1,"path":"/api/crypto/alerts","status":404},"timestamp":"2026-09-22T07:15:49.121Z"}
{"level":"info","message":{"ip":"::1","method":"POST","ms":4815,"path":"/activate","status":200},"timestamp":"2026-09-22T07:16:38.397Z"}
{"level":"info","message":{"ip":"::1","method":"GET","ms":2,"path":"/api/crypto/alerts","status":404},"timestamp":"2026-09-22T07:16:41.539Z"}
{"level":"info","message":{"ip":"::1","method":"GET","ms":2,"path":"/api/crypto/alerts","status":404},"timestamp":"2026-09-22T07:16:41.547Z"}
{"level":"info","message":{"ip":"::1","method":"POST","ms":3708,"path":"/login","status":200},"timestamp":"2026-09-22T07:16:59.618Z"}
{"level":"info","message":{"ip":"::1","method":"POST","ms":3856,"path":"/verify-otp","status":200},"timestamp":"2026-09-22T07:17:26.898Z"}
{"level":"info","message":{"ip":"::1","method":"GET","ms":343,"path":"/","status":304},"timestamp":"2026-09-22T07:17:27.309Z"}
{"level":"info","message":{"ip":"::1","method":"GET","ms":511,"path":"/","status":304},"timestamp":"2026-09-22T07:17:27.824Z"}
{"level":"info","message":{"ip":"::1","method":"GET","ms":2677,"path":"/","status":200},"timestamp":"2026-09-22T07:17:29.669Z"}
{"level":"info","message":{"ip":"::1","method":"GET","ms":2689,"path":"/count","status":304},"timestamp":"2026-09-22T07:17:29.672Z"}
{"level":"info","message":{"ip":"::1","method":"GET","ms":493,"path":"/count","status":304},"timestamp":"2026-09-22T07:17:30.176Z"}
{"level":"info","message":{"ip":"::1","method":"GET","ms":3808,"path":"/history","status":200},"timestamp":"2026-09-22T07:17:30.795Z"}
{"level":"info","message":{"ip":"::1","method":"GET","ms":1124,"path":"/","status":304},"timestamp":"2026-09-22T07:17:30.800Z"}
{"level":"info","message":{"ip":"::1","method":"GET","ms":707,"path":"/history","status":304},"timestamp":"2026-09-22T07:17:31.510Z"}
{"level":"info","message":{"ip":"::1","method":"GET","ms":2249,"path":"/count","status":304},"timestamp":"2026-09-22T07:17:49.224Z"}
{"level":"info","message":{"ip":"::1","method":"GET","ms":2258,"path":"/","status":304},"timestamp":"2026-09-22T07:17:49.228Z"}
{"level":"info","message":{"ip":"::1","method":"GET","ms":2307,"path":"/","status":200},"timestamp":"2026-09-22T07:17:50.145Z"}
{"level":"info","message":{"ip":"::1","method":"GET","ms":406,"path":"/","status":304},"timestamp":"2026-09-22T07:17:50.554Z"}
{"level":"info","message":{"ip":"::1","method":"GET","ms":2596,"path":"/bd1fd337-76aa-4f26-bd12-afbf2b1e85fb","status":200},"timestamp":"2026-09-22T07:18:03.462Z"}
{"level":"info","message":{"ip":"::1","method":"GET","ms":554,"path":"/bd1fd337-76aa-4f26-bd12-afbf2b1e85fb","status":304},"timestamp":"2026-09-22T07:18:04.021Z"}
{"level":"info","message":{"ip":"::1","method":"GET","ms":483,"path":"/","status":304},"timestamp":"2026-09-22T07:18:07.449Z"}
{"level":"info","message":{"ip":"::1","method":"GET","ms":2380,"path":"/count","status":304},"timestamp":"2026-09-22T07:18:09.350Z"}
{"level":"info","message":{"ip":"::1","method":"GET","ms":2,"path":"/billers","status":200},"timestamp":"2026-09-22T07:18:17.496Z"}
{"level":"info","message":{"ip":"::1","method":"GET","ms":3,"path":"/billers","status":304},"timestamp":"2026-09-22T07:18:17.503Z"}
{"level":"info","message":{"ip":"::1","method":"GET","ms":2290,"path":"/","status":304},"timestamp":"2026-09-22T07:18:29.262Z"}
{"level":"info","message":{"ip":"::1","method":"GET","ms":2287,"path":"/count","status":304},"timestamp":"2026-09-22T07:18:29.265Z"}
{"level":"info","message":{"ip":"::1","method":"GET","ms":2327,"path":"/bd1fd337-76aa-4f26-bd12-afbf2b1e85fb","status":200},"timestamp":"2026-09-22T07:18:30.388Z"}
{"level":"info","message":{"ip":"::1","method":"GET","ms":407,"path":"/bd1fd337-76aa-4f26-bd12-afbf2b1e85fb","status":304},"timestamp":"2026-09-22T07:18:30.798Z"}
{"level":"info","message":{"ip":"::1","method":"GET","ms":2456,"path":"/count","status":304},"timestamp":"2026-09-22T07:18:49.437Z"}
{"level":"info","message":{"ip":"::1","method":"GET","ms":3278,"path":"/","status":304},"timestamp":"2026-09-22T07:18:50.254Z"}
{"level":"info","message":{"ip":"::1","method":"GET","ms":247,"path":"/","status":304},"timestamp":"2026-09-22T07:18:51.848Z"}
{"level":"info","message":{"ip":"::1","method":"GET","ms":234,"path":"/","status":304},"timestamp":"2026-09-22T07:18:52.086Z"}
{"level":"info","message":{"ip":"::1","method":"GET","ms":512,"path":"/history","status":304},"timestamp":"2026-09-22T07:18:52.108Z"}
{"level":"info","message":{"ip":"::1","method":"GET","ms":550,"path":"/history","status":304},"timestamp":"2026-09-22T07:18:52.661Z"}
{"level":"info","message":{"ip":"::1","method":"GET","ms":2525,"path":"/","status":304},"timestamp":"2026-09-22T07:19:09.507Z"}
{"level":"info","message":{"ip":"::1","method":"GET","ms":2524,"path":"/count","status":304},"timestamp":"2026-09-22T07:19:09.509Z"}
{"level":"info","message":{"ip":"::1","method":"GET","ms":2286,"path":"/count","status":304},"timestamp":"2026-09-22T07:19:29.271Z"}
{"level":"info","message":{"ip":"::1","method":"GET","ms":2294,"path":"/","status":304},"timestamp":"2026-09-22T07:19:29.273Z"}
{"level":"info","message":{"ip":"::1","method":"GET","ms":1969,"path":"/","status":304},"timestamp":"2026-09-22T07:19:48.951Z"}
{"level":"info","message":{"ip":"::1","method":"GET","ms":1966,"path":"/count","status":304},"timestamp":"2026-09-22T07:19:48.954Z"}
{"level":"info","message":{"ip":"::1","method":"GET","ms":2,"path":"/api/crypto/alerts","status":404},"timestamp":"2026-09-22T07:19:53.268Z"}
{"level":"info","message":{"ip":"::1","method":"GET","ms":3,"path":"/api/crypto/alerts","status":404},"timestamp":"2026-09-22T07:19:53.277Z"}
{"level":"info","message":{"ip":"::1","method":"GET","ms":1,"path":"/api/crypto/alerts","status":404},"timestamp":"2026-09-22T07:20:53.151Z"}
{"level":"info","message":{"ip":"::1","method":"GET","ms":1,"path":"/api/crypto/alerts","status":404},"timestamp":"2026-09-22T07:21:53.141Z"}
{"level":"info","message":{"ip":"::1","method":"GET","ms":1,"path":"/api/crypto/alerts","status":404},"timestamp":"2026-09-22T07:22:53.144Z"}
{"level":"info","message":{"ip":"::1","method":"GET","ms":1,"path":"/api/crypto/alerts","status":404},"timestamp":"2026-09-22T07:27:41.222Z"}
{"level":"info","message":{"ip":"::1","method":"GET","ms":0,"path":"/api/crypto/alerts","status":404},"timestamp":"2026-09-22T07:27:43.134Z"}
{"level":"info","message":{"ip":"::1","method":"GET","ms":1,"path":"/api/crypto/alerts","status":404},"timestamp":"2026-09-22T07:27:43.183Z"}
{"level":"info","message":{"ip":"::1","method":"GET","ms":1,"path":"/api/crypto/alerts","status":404},"timestamp":"2026-09-22T07:28:43.129Z"}
{"level":"info","message":{"ip":"::1","method":"GET","ms":2,"path":"/api/crypto/alerts","status":404},"timestamp":"2026-09-22T07:29:43.121Z"}
{"level":"info","message":{"ip":"::1","method":"GET","ms":1,"path":"/api/crypto/alerts","status":404},"timestamp":"2026-09-22T07:30:43.122Z"}
{"level":"info","message":{"ip":"::1","method":"GET","ms":2,"path":"/api/crypto/alerts","status":404},"timestamp":"2026-09-22T07:31:43.130Z"}
{"level":"info","message":{"ip":"::1","method":"GET","ms":1,"path":"/api/crypto/alerts","status":404},"timestamp":"2026-09-22T07:32:43.119Z"}
{"level":"info","message":{"ip":"::1","method":"GET","ms":1,"path":"/api/crypto/alerts","status":404},"timestamp":"2026-09-22T07:33:43.122Z"}
{"level":"info","message":{"ip":"::1","method":"GET","ms":5,"path":"/api/crypto/alerts","status":404},"timestamp":"2026-09-22T07:34:37.846Z"}
{"level":"info","message":{"ip":"::1","method":"GET","ms":3,"path":"/api/crypto/alerts","status":404},"timestamp":"2026-09-22T07:34:37.858Z"}
{"level":"info","message":{"ip":"::1","method":"GET","ms":2,"path":"/api/crypto/alerts","status":404},"timestamp":"2026-09-22T07:34:51.469Z"}
{"level":"info","message":{"ip":"::1","method":"GET","ms":3,"path":"/api/crypto/alerts","status":404},"timestamp":"2026-09-22T07:34:51.474Z"}
{"level":"info","message":{"ip":"::1","method":"GET","ms":1,"path":"/api/crypto/alerts","status":404},"timestamp":"2026-09-22T07:35:24.868Z"}
{"level":"info","message":{"ip":"::1","method":"GET","ms":1,"path":"/api/crypto/alerts","status":404},"timestamp":"2026-09-22T07:35:24.874Z"}
{"level":"info","message":{"ip":"::1","method":"GET","ms":2,"path":"/api/crypto/alerts","status":404},"timestamp":"2026-09-22T07:36:24.878Z"}
{"level":"info","message":{"ip":"::1","method":"GET","ms":2,"path":"/api/crypto/alerts","status":404},"timestamp":"2026-09-22T07:36:42.084Z"}
{"level":"info","message":{"ip":"::1","method":"GET","ms":2,"path":"/api/crypto/alerts","status":404},"timestamp":"2026-09-22T07:36:42.092Z"}
{"level":"info","message":{"ip":"::1","method":"GET","ms":1,"path":"/api/crypto/alerts","status":404},"timestamp":"2026-09-22T07:37:42.072Z"}
{"level":"info","message":{"ip":"::1","method":"GET","ms":702,"path":"/api/crypto/alerts","status":200},"timestamp":"2026-09-22T07:38:42.786Z"}
{"level":"info","message":{"ip":"::1","method":"GET","ms":705,"path":"/api/crypto/alerts","status":200},"timestamp":"2026-09-22T07:39:42.783Z"}
{"level":"info","message":{"ip":"::1","method":"GET","ms":627,"path":"/api/crypto/alerts","status":200},"timestamp":"2026-09-22T07:40:42.706Z"}
{"level":"info","message":{"ip":"::1","method":"GET","ms":564,"path":"/api/crypto/alerts","status":200},"timestamp":"2026-09-22T07:41:42.641Z"}
{"level":"info","message":{"ip":"::1","method":"GET","ms":546,"path":"/api/crypto/alerts","status":200},"timestamp":"2026-09-22T07:42:42.625Z"}
{"level":"info","message":{"ip":"::1","method":"GET","ms":550,"path":"/api/crypto/alerts","status":200},"timestamp":"2026-09-22T07:43:42.627Z"}
{"level":"info","message":{"ip":"::1","method":"GET","ms":706,"path":"/api/crypto/alerts","status":200},"timestamp":"2026-09-22T07:44:42.775Z"}
{"level":"info","message":{"ip":"::1","method":"GET","ms":862,"path":"/api/crypto/alerts","status":200},"timestamp":"2026-09-22T07:45:42.938Z"}
{"level":"info","message":{"ip":"::1","method":"GET","ms":808,"path":"/api/crypto/alerts","status":200},"timestamp":"2026-09-22T07:46:42.879Z"}
{"level":"info","message":{"ip":"::1","method":"GET","ms":867,"path":"/api/crypto/alerts","status":200},"timestamp":"2026-09-22T07:47:42.943Z"}
{"level":"info","message":{"ip":"::1","method":"GET","ms":632,"path":"/api/crypto/alerts","status":200},"timestamp":"2026-09-22T07:48:42.704Z"}
{"level":"info","message":{"ip":"::1","method":"GET","ms":553,"path":"/api/crypto/alerts","status":200},"timestamp":"2026-09-22T07:49:42.630Z"}
{"level":"info","message":{"ip":"::1","method":"GET","ms":595,"path":"/api/crypto/alerts","status":200},"timestamp":"2026-09-22T07:50:42.676Z"}
{"level":"info","message":{"ip":"::1","method":"GET","ms":572,"path":"/api/crypto/alerts","status":200},"timestamp":"2026-09-22T07:51:42.654Z"}
{"level":"info","message":{"ip":"::1","method":"GET","ms":789,"path":"/api/crypto/alerts","status":200},"timestamp":"2026-09-22T07:52:42.872Z"}
{"level":"info","message":{"ip":"::1","method":"GET","ms":429,"path":"/api/crypto/alerts","status":200},"timestamp":"2026-09-22T07:53:42.499Z"}
{"level":"info","message":{"ip":"::1","method":"GET","ms":452,"path":"/api/crypto/alerts","status":200},"timestamp":"2026-09-22T07:54:42.522Z"}
{"level":"info","message":{"ip":"::1","method":"GET","ms":494,"path":"/api/crypto/alerts","status":200},"timestamp":"2026-09-22T07:55:42.569Z"}
{"level":"info","message":{"ip":"::1","method":"GET","ms":531,"path":"/api/crypto/alerts","status":200},"timestamp":"2026-09-22T07:56:42.606Z"}
{"level":"info","message":{"ip":"::1","method":"GET","ms":11289,"path":"/api/crypto/alerts","status":500},"timestamp":"2026-09-22T07:57:53.364Z"}
{"level":"info","message":{"ip":"::1","method":"GET","ms":634,"path":"/api/crypto/alerts","status":200},"timestamp":"2026-09-22T07:58:42.702Z"}
{"level":"info","message":{"ip":"::1","method":"GET","ms":479,"path":"/api/crypto/alerts","status":200},"timestamp":"2026-09-22T07:59:42.556Z"}
{"level":"info","message":{"ip":"::1","method":"GET","ms":678,"path":"/api/crypto/alerts","status":200},"timestamp":"2026-09-22T08:00:42.753Z"}
{"level":"info","message":{"ip":"::1","method":"GET","ms":495,"path":"/api/crypto/alerts","status":200},"timestamp":"2026-09-22T08:01:42.578Z"}
{"level":"info","message":{"ip":"::1","method":"GET","ms":642,"path":"/api/crypto/alerts","status":200},"timestamp":"2026-09-22T08:02:42.878Z"}
{"level":"info","message":{"ip":"::1","method":"GET","ms":769,"path":"/api/crypto/alerts","status":200},"timestamp":"2026-09-22T08:03:42.850Z"}
{"level":"info","message":{"ip":"::1","method":"GET","ms":1027,"path":"/api/crypto/alerts","status":200},"timestamp":"2026-09-22T08:04:43.101Z"}
{"level":"info","message":{"ip":"::1","method":"GET","ms":1751,"path":"/api/crypto/alerts","status":200},"timestamp":"2026-09-22T08:05:01.848Z"}
{"level":"info","message":{"ip":"::1","method":"GET","ms":316,"path":"/api/crypto/alerts","status":200},"timestamp":"2026-09-22T08:05:03.856Z"}
{"level":"info","message":{"ip":"::1","method":"GET","ms":245,"path":"/api/crypto/alerts","status":200},"timestamp":"2026-09-22T08:05:04.104Z"}
{"level":"info","message":{"ip":"::1","method":"GET","ms":567,"path":"/api/crypto/alerts","status":200},"timestamp":"2026-09-22T08:05:20.665Z"}
{"level":"info","message":{"ip":"::1","method":"GET","ms":145,"path":"/api/crypto/alerts","status":200},"timestamp":"2026-09-22T08:05:20.812Z"}
{"level":"info","message":{"ip":"::1","method":"GET","ms":797,"path":"/api/crypto/alerts","status":200},"timestamp":"2026-09-22T08:06:05.030Z"}
{"level":"info","message":{"ip":"::1","method":"GET","ms":433,"path":"/api/crypto/alerts","status":200},"timestamp":"2026-09-22T08:06:20.713Z"}
{"level":"info","message":{"ip":"::1","method":"GET","ms":551,"path":"/api/crypto/alerts","status":200},"timestamp":"2026-09-22T08:07:04.115Z"}
{"level":"info","message":{"ip":"::1","method":"GET","ms":568,"path":"/api/crypto/alerts","status":200},"timestamp":"2026-09-22T08:07:20.810Z"}
{"level":"info","message":{"ip":"::1","method":"GET","ms":536,"path":"/api/crypto/alerts","status":200},"timestamp":"2026-09-22T08:08:04.791Z"}
{"level":"info","message":{"ip":"::1","method":"GET","ms":672,"path":"/api/crypto/alerts","status":200},"timestamp":"2026-09-22T08:08:20.920Z"}
{"level":"info","message":{"ip":"::1","method":"GET","ms":1014,"path":"/api/crypto/alerts","status":200},"timestamp":"2026-09-22T08:09:05.257Z"}
{"level":"info","message":{"ip":"::1","method":"GET","ms":526,"path":"/api/crypto/alerts","status":200},"timestamp":"2026-09-22T08:09:20.630Z"}
{"level":"info","message":{"ip":"::1","method":"GET","ms":830,"path":"/api/crypto/alerts","status":200},"timestamp":"2026-09-22T08:10:05.061Z"}
{"level":"info","message":{"ip":"::1","method":"GET","ms":625,"path":"/api/crypto/alerts","status":200},"timestamp":"2026-09-22T08:10:20.727Z"}
{"level":"info","message":{"ip":"::1","method":"GET","ms":730,"path":"/api/crypto/alerts","status":200},"timestamp":"2026-09-22T08:11:04.962Z"}
{"level":"info","message":{"ip":"::1","method":"GET","ms":537,"path":"/api/crypto/alerts","status":200},"timestamp":"2026-09-22T08:11:20.628Z"}
{"level":"info","message":{"ip":"::1","method":"GET","ms":464,"path":"/api/crypto/alerts","status":200},"timestamp":"2026-09-22T08:12:04.706Z"}
{"level":"info","message":{"ip":"::1","method":"GET","ms":536,"path":"/api/crypto/alerts","status":200},"timestamp":"2026-09-22T08:12:11.631Z"}
{"level":"info","message":{"ip":"::1","method":"GET","ms":166,"path":"/api/crypto/alerts","status":200},"timestamp":"2026-09-22T08:12:11.801Z"}
{"level":"info","message":{"ip":"::1","method":"GET","ms":542,"path":"/api/crypto/alerts","status":200},"timestamp":"2026-09-22T08:12:11.817Z"}
{"level":"info","message":{"ip":"::1","method":"GET","ms":216,"path":"/api/crypto/alerts","status":500},"timestamp":"2026-09-22T08:12:12.037Z"}
{"level":"info","message":{"ip":"::1","method":"GET","ms":610,"path":"/api/crypto/alerts","status":200},"timestamp":"2026-09-22T08:15:22.099Z"}
{"level":"info","message":{"ip":"::1","method":"GET","ms":207,"path":"/api/crypto/alerts","status":200},"timestamp":"2026-09-22T08:15:22.314Z"}
{"level":"info","message":{"ip":"::1","method":"GET","ms":235,"path":"/api/crypto/alerts","status":200},"timestamp":"2026-09-22T08:15:25.620Z"}
{"level":"info","message":{"ip":"::1","method":"GET","ms":217,"path":"/api/crypto/alerts","status":200},"timestamp":"2026-09-22T08:15:28.470Z"}
{"level":"info","message":{"ip":"::1","method":"GET","ms":169,"path":"/api/crypto/alerts","status":500},"timestamp":"2026-09-22T08:15:28.656Z"}
{"level":"info","message":{"ip":"::1","method":"GET","ms":524,"path":"/api/crypto/alerts","status":500},"timestamp":"2026-09-22T08:16:22.019Z"}
{"level":"info","message":{"ip":"::1","method":"GET","ms":467,"path":"/api/crypto/alerts","status":200},"timestamp":"2026-09-22T08:16:29.695Z"}
{"level":"info","message":{"ip":"::1","method":"GET","ms":632,"path":"/api/crypto/alerts","status":200},"timestamp":"2026-09-22T08:17:22.132Z"}
{"level":"info","message":{"ip":"::1","method":"GET","ms":713,"path":"/api/crypto/alerts","status":200},"timestamp":"2026-09-22T08:17:29.945Z"}
{"level":"info","message":{"ip":"::1","method":"GET","ms":615,"path":"/api/crypto/alerts","status":200},"timestamp":"2026-09-22T08:18:22.119Z"}
{"level":"info","message":{"ip":"::1","method":"GET","ms":865,"path":"/api/crypto/alerts","status":200},"timestamp":"2026-09-22T08:18:30.108Z"}
{"level":"info","message":{"ip":"::1","method":"GET","ms":925,"path":"/api/crypto/alerts","status":200},"timestamp":"2026-09-22T08:19:22.429Z"}
{"level":"info","message":{"ip":"::1","method":"GET","ms":592,"path":"/api/crypto/alerts","status":200},"timestamp":"2026-09-22T08:19:29.833Z"}
{"level":"info","message":{"ip":"::1","method":"GET","ms":629,"path":"/api/crypto/alerts","status":200},"timestamp":"2026-09-22T08:20:22.132Z"}
{"level":"info","message":{"ip":"::1","method":"GET","ms":884,"path":"/api/crypto/alerts","status":200},"timestamp":"2026-09-22T08:20:30.119Z"}
{"level":"info","message":{"ip":"::1","method":"GET","ms":628,"path":"/api/crypto/alerts","status":200},"timestamp":"2026-09-22T08:21:22.130Z"}
{"level":"info","message":{"ip":"::1","method":"GET","ms":433,"path":"/api/crypto/alerts","status":200},"timestamp":"2026-09-22T08:21:29.661Z"}
{"level":"info","message":{"ip":"::1","method":"GET","ms":653,"path":"/api/crypto/alerts","status":200},"timestamp":"2026-09-22T08:22:22.146Z"}
{"level":"info","message":{"ip":"::1","method":"GET","ms":708,"path":"/api/crypto/alerts","status":200},"timestamp":"2026-09-22T08:22:56.964Z"}
{"level":"info","message":{"ip":"::1","method":"GET","ms":714,"path":"/api/crypto/alerts","status":200},"timestamp":"2026-09-22T08:23:13.667Z"}
{"level":"info","message":{"ip":"::1","method":"GET","ms":173,"path":"/api/crypto/alerts","status":200},"timestamp":"2026-09-22T08:23:13.858Z"}
{"level":"info","message":{"ip":"::1","method":"GET","ms":358,"path":"/api/crypto/alerts","status":200},"timestamp":"2026-09-22T08:23:15.051Z"}
{"level":"info","message":{"ip":"::1","method":"GET","ms":169,"path":"/api/crypto/alerts","status":200},"timestamp":"2026-09-22T08:23:15.223Z"}
{"level":"info","message":{"ip":"::1","method":"GET","ms":987,"path":"/api/crypto/alerts","status":200},"timestamp":"2026-09-22T08:24:13.970Z"}
{"level":"info","message":{"ip":"::1","method":"GET","ms":200,"path":"/api/crypto/alerts","status":200},"timestamp":"2026-09-22T08:24:15.467Z"}
{"level":"info","message":{"ip":"::1","method":"GET","ms":998,"path":"/api/crypto/alerts","status":200},"timestamp":"2026-09-22T08:25:13.968Z"}
{"level":"info","message":{"ip":"::1","method":"GET","ms":171,"path":"/api/crypto/alerts","status":200},"timestamp":"2026-09-22T08:25:15.402Z"}
{"level":"info","message":{"ip":"::1","method":"GET","ms":976,"path":"/api/crypto/alerts","status":200},"timestamp":"2026-09-22T08:26:13.954Z"}
{"level":"info","message":{"ip":"::1","method":"GET","ms":485,"path":"/api/crypto/alerts","status":200},"timestamp":"2026-09-22T08:26:15.721Z"}
{"level":"info","message":{"ip":"::1","method":"GET","ms":7,"path":"/api/crypto/alerts","status":500},"timestamp":"2026-09-22T08:26:54.364Z"}
{"level":"info","message":{"ip":"::1","method":"GET","ms":6,"path":"/api/crypto/alerts","status":500},"timestamp":"2026-09-22T08:26:54.375Z"}
{"level":"info","message":{"ip":"::1","method":"GET","ms":8,"path":"/api/crypto/alerts","status":500},"timestamp":"2026-09-22T08:26:54.454Z"}
{"level":"info","message":{"ip":"::1","method":"GET","ms":7,"path":"/api/crypto/alerts","status":500},"timestamp":"2026-09-22T08:26:54.464Z"}
{"level":"info","message":{"ip":"::1","method":"GET","ms":460,"path":"/api/crypto/alerts","status":200},"timestamp":"2026-09-22T08:30:40.481Z"}
{"level":"info","message":{"ip":"::1","method":"GET","ms":175,"path":"/api/crypto/alerts","status":200},"timestamp":"2026-09-22T08:30:40.673Z"}
{"level":"info","message":{"ip":"::1","method":"GET","ms":148,"path":"/api/crypto/alerts","status":200},"timestamp":"2026-09-22T08:30:41.505Z"}
{"level":"info","message":{"ip":"::1","method":"GET","ms":653,"path":"/api/crypto/alerts","status":200},"timestamp":"2026-09-22T08:30:55.893Z"}
{"level":"info","message":{"ip":"::1","method":"GET","ms":427,"path":"/api/crypto/alerts","status":200},"timestamp":"2026-09-22T08:31:40.660Z"}
{"level":"info","message":{"ip":"::1","method":"GET","ms":444,"path":"/api/crypto/alerts","status":200},"timestamp":"2026-09-22T08:31:55.681Z"}
{"level":"info","message":{"ip":"::1","method":"GET","ms":709,"path":"/api/crypto/alerts","status":200},"timestamp":"2026-09-22T08:32:40.957Z"}
{"level":"info","message":{"ip":"::1","method":"GET","ms":616,"path":"/api/crypto/alerts","status":200},"timestamp":"2026-09-22T08:32:55.854Z"}
{"level":"info","message":{"ip":"::1","method":"GET","ms":613,"path":"/api/crypto/alerts","status":200},"timestamp":"2026-09-22T08:33:40.860Z"}
{"level":"info","message":{"ip":"::1","method":"GET","ms":699,"path":"/api/crypto/alerts","status":200},"timestamp":"2026-09-22T08:33:55.952Z"}
{"level":"info","message":{"ip":"::1","method":"GET","ms":632,"path":"/api/crypto/alerts","status":200},"timestamp":"2026-09-22T08:34:40.869Z"}
{"level":"info","message":{"ip":"::1","method":"GET","ms":654,"path":"/api/crypto/alerts","status":200},"timestamp":"2026-09-22T08:34:55.880Z"}
{"level":"info","message":{"ip":"::1","method":"GET","ms":500,"path":"/api/crypto/alerts","status":200},"timestamp":"2026-09-22T08:37:10.807Z"}
{"level":"info","message":{"ip":"::1","method":"GET","ms":489,"path":"/api/crypto/alerts","status":200},"timestamp":"2026-09-22T08:37:10.813Z"}
{"level":"info","message":{"ip":"::1","method":"GET","ms":155,"path":"/api/crypto/alerts","status":200},"timestamp":"2026-09-22T08:37:13.737Z"}
{"level":"info","message":{"ip":"::1","method":"GET","ms":159,"path":"/api/crypto/alerts","status":200},"timestamp":"2026-09-22T08:37:13.899Z"}
{"level":"info","message":{"ip":"::1","method":"GET","ms":537,"path":"/api/crypto/alerts","status":200},"timestamp":"2026-09-22T08:37:56.938Z"}
{"level":"info","message":{"ip":"::1","method":"GET","ms":639,"path":"/api/crypto/alerts","status":200},"timestamp":"2026-09-22T08:38:14.895Z"}
{"level":"info","message":{"ip":"::1","method":"GET","ms":470,"path":"/api/crypto/alerts","status":200},"timestamp":"2026-09-22T08:38:56.828Z"}
{"level":"info","message":{"ip":"::1","method":"GET","ms":597,"path":"/api/crypto/alerts","status":200},"timestamp":"2026-09-22T08:39:14.851Z"}
{"level":"info","message":{"ip":"::1","method":"GET","ms":561,"path":"/api/crypto/alerts","status":200},"timestamp":"2026-09-22T08:39:56.931Z"}
{"level":"info","message":{"ip":"::1","method":"GET","ms":554,"path":"/api/crypto/alerts","status":200},"timestamp":"2026-09-22T08:40:14.803Z"}
{"level":"info","message":{"ip":"::1","method":"GET","ms":675,"path":"/api/crypto/alerts","status":200},"timestamp":"2026-09-22T08:40:57.046Z"}
{"level":"info","message":{"ip":"::ffff:127.0.0.1","method":"POST","ms":1740,"path":"/login","status":200},"timestamp":"2026-09-22T08:41:00.988Z"}
{"level":"info","message":{"ip":"::ffff:127.0.0.1","method":"POST","ms":1049,"path":"/verify-otp","status":200},"timestamp":"2026-09-22T08:41:02.310Z"}
{"level":"info","message":{"ip":"::ffff:127.0.0.1","method":"POST","ms":1934,"path":"/initiate","status":200},"timestamp":"2026-09-22T08:41:04.271Z"}
{"level":"info","message":{"ip":"::ffff:127.0.0.1","method":"POST","ms":2140,"path":"/initiate","status":200},"timestamp":"2026-09-22T08:41:06.716Z"}
{"level":"info","message":{"ip":"::ffff:127.0.0.1","method":"POST","ms":4592,"path":"/confirm","status":409},"timestamp":"2026-09-22T08:41:11.626Z"}
{"level":"info","message":{"ip":"::ffff:127.0.0.1","method":"POST","ms":4673,"path":"/confirm","status":200},"timestamp":"2026-09-22T08:41:11.702Z"}
{"level":"info","message":{"ip":"::ffff:127.0.0.1","method":"POST","ms":1789,"path":"/initiate","status":200},"timestamp":"2026-09-22T08:41:13.502Z"}
{"level":"info","message":{"ip":"::1","method":"GET","ms":446,"path":"/api/crypto/alerts","status":200},"timestamp":"2026-09-22T08:41:14.686Z"}
{"level":"info","message":{"ip":"::ffff:127.0.0.1","method":"POST","ms":4277,"path":"/confirm","status":200},"timestamp":"2026-09-22T08:41:18.001Z"}
{"level":"info","message":{"ip":"::ffff:127.0.0.1","method":"POST","ms":375,"path":"/confirm","status":404},"timestamp":"2026-09-22T08:41:18.386Z"}
{"level":"info","message":{"ip":"::ffff:127.0.0.1","method":"POST","ms":1247,"path":"/initiate","status":400},"timestamp":"2026-09-22T08:41:19.651Z"}
{"level":"info","message":{"ip":"::ffff:127.0.0.1","method":"POST","ms":5124,"path":"/start","status":200},"timestamp":"2026-09-22T08:41:27.709Z"}
{"level":"info","message":{"ip":"::ffff:127.0.0.1","method":"POST","ms":1324,"path":"/login","status":403},"timestamp":"2026-09-22T08:41:29.960Z"}
{"level":"info","message":{"ip":"::ffff:127.0.0.1","method":"POST","ms":3510,"path":"/activate","status":200},"timestamp":"2026-09-22T08:41:33.781Z"}
{"level":"info","message":{"ip":"::ffff:127.0.0.1","method":"POST","ms":1794,"path":"/login","status":200},"timestamp":"2026-09-22T08:41:36.988Z"}
{"level":"info","message":{"ip":"::ffff:127.0.0.1","method":"POST","ms":1557,"path":"/login","status":200},"timestamp":"2026-09-22T08:41:38.793Z"}
{"level":"info","message":{"ip":"::ffff:127.0.0.1","method":"POST","ms":1168,"path":"/verify-otp","status":200},"timestamp":"2026-09-22T08:41:40.199Z"}
{"level":"info","message":{"ip":"::1","method":"GET","ms":626,"path":"/api/crypto/alerts","status":200},"timestamp":"2026-09-22T08:41:56.999Z"}
{"level":"info","message":{"ip":"::1","method":"GET","ms":648,"path":"/api/crypto/alerts","status":200},"timestamp":"2026-09-22T08:42:14.898Z"}
{"level":"info","message":{"ip":"::1","method":"GET","ms":507,"path":"/api/crypto/alerts","status":200},"timestamp":"2026-09-22T08:42:56.862Z"}
{"level":"info","message":{"ip":"::1","method":"GET","ms":617,"path":"/api/crypto/alerts","status":200},"timestamp":"2026-09-22T08:43:14.859Z"}
{"level":"info","message":{"ip":"::1","method":"GET","ms":554,"path":"/api/crypto/alerts","status":200},"timestamp":"2026-09-22T08:43:44.755Z"}
{"level":"info","message":{"ip":"::1","method":"GET","ms":188,"path":"/api/crypto/alerts","status":200},"timestamp":"2026-09-22T08:43:44.947Z"}
{"level":"info","message":{"ip":"::1","method":"GET","ms":155,"path":"/api/crypto/alerts","status":200},"timestamp":"2026-09-22T08:43:46.794Z"}
{"level":"info","message":{"ip":"::1","method":"GET","ms":446,"path":"/api/crypto/alerts","status":200},"timestamp":"2026-09-22T08:43:47.089Z"}
{"level":"info","message":{"ip":"::1","method":"POST","ms":3888,"path":"/login","status":200},"timestamp":"2026-09-22T08:44:33.510Z"}
{"level":"info","message":{"ip":"::1","method":"GET","ms":647,"path":"/api/crypto/alerts","status":200},"timestamp":"2026-09-22T08:44:47.902Z"}
{"level":"info","message":{"ip":"::1","method":"GET","ms":681,"path":"/api/crypto/alerts","status":200},"timestamp":"2026-09-22T08:44:47.927Z"}
{"level":"info","message":{"ip":"::1","method":"POST","ms":2888,"path":"/verify-otp","status":200},"timestamp":"2026-09-22T08:45:12.930Z"}
{"level":"info","message":{"ip":"::1","method":"GET","ms":278,"path":"/","status":304},"timestamp":"2026-09-22T08:45:13.401Z"}
{"level":"info","message":{"ip":"::1","method":"GET","ms":237,"path":"/","status":304},"timestamp":"2026-09-22T08:45:13.640Z"}
{"level":"info","message":{"ip":"::1","method":"GET","ms":1935,"path":"/count","status":304},"timestamp":"2026-09-22T08:45:15.073Z"}
{"level":"info","message":{"ip":"::1","method":"GET","ms":1921,"path":"/","status":304},"timestamp":"2026-09-22T08:45:15.076Z"}
{"level":"info","message":{"ip":"::1","method":"GET","ms":267,"path":"/count","status":304},"timestamp":"2026-09-22T08:45:15.346Z"}
{"level":"info","message":{"ip":"::1","method":"GET","ms":255,"path":"/","status":304},"timestamp":"2026-09-22T08:45:15.348Z"}
{"level":"info","message":{"ip":"::1","method":"GET","ms":2216,"path":"/history","status":304},"timestamp":"2026-09-22T08:45:15.366Z"}
{"level":"info","message":{"ip":"::1","method":"GET","ms":700,"path":"/history","status":304},"timestamp":"2026-09-22T08:45:16.070Z"}
{"level":"info","message":{"ip":"::1","method":"GET","ms":2375,"path":"/count","status":304},"timestamp":"2026-09-22T08:45:35.522Z"}
{"level":"info","message":{"ip":"::1","method":"GET","ms":2386,"path":"/","status":304},"timestamp":"2026-09-22T08:45:35.525Z"}
{"level":"info","message":{"ip":"::1","method":"GET","ms":555,"path":"/api/crypto/alerts","status":200},"timestamp":"2026-09-22T08:45:48.799Z"}
{"level":"info","message":{"ip":"::1","method":"GET","ms":1971,"path":"/count","status":304},"timestamp":"2026-09-22T08:45:55.284Z"}
{"level":"info","message":{"ip":"::1","method":"GET","ms":1985,"path":"/","status":304},"timestamp":"2026-09-22T08:45:55.288Z"}
{"level":"info","message":{"ip":"::1","method":"GET","ms":2614,"path":"/count","status":304},"timestamp":"2026-09-22T08:46:15.765Z"}
{"level":"info","message":{"ip":"::1","method":"GET","ms":2625,"path":"/","status":304},"timestamp":"2026-09-22T08:46:15.770Z"}
{"level":"info","message":{"ip":"::1","method":"GET","ms":1971,"path":"/","status":304},"timestamp":"2026-09-22T08:46:35.118Z"}
{"level":"info","message":{"ip":"::1","method":"GET","ms":1968,"path":"/count","status":304},"timestamp":"2026-09-22T08:46:35.121Z"}
{"level":"info","message":{"ip":"::1","method":"GET","ms":2318,"path":"/","status":304},"timestamp":"2026-09-22T08:46:54.580Z"}
{"level":"info","message":{"ip":"::1","method":"GET","ms":2637,"path":"/history","status":304},"timestamp":"2026-09-22T08:46:54.893Z"}
{"level":"info","message":{"ip":"::1","method":"GET","ms":316,"path":"/","status":304},"timestamp":"2026-09-22T08:46:54.899Z"}
{"level":"info","message":{"ip":"::1","method":"GET","ms":599,"path":"/history","status":304},"timestamp":"2026-09-22T08:46:55.500Z"}
{"level":"info","message":{"ip":"::1","method":"GET","ms":2373,"path":"/","status":304},"timestamp":"2026-09-22T08:46:55.503Z"}
{"level":"info","message":{"ip":"::1","method":"GET","ms":2372,"path":"/count","status":304},"timestamp":"2026-09-22T08:46:55.509Z"}
{"level":"info","message":{"ip":"::1","method":"GET","ms":1756,"path":"/count","status":304},"timestamp":"2026-09-22T08:47:14.919Z"}
{"level":"info","message":{"ip":"::1","method":"GET","ms":1777,"path":"/","status":304},"timestamp":"2026-09-22T08:47:14.922Z"}
{"level":"info","message":{"ip":"::1","method":"GET","ms":574,"path":"/bd1fd337-76aa-4f26-bd12-afbf2b1e85fb","status":304},"timestamp":"2026-09-22T08:47:18.335Z"}
{"level":"info","message":{"ip":"::1","method":"GET","ms":466,"path":"/bd1fd337-76aa-4f26-bd12-afbf2b1e85fb","status":304},"timestamp":"2026-09-22T08:47:18.805Z"}
{"level":"info","message":{"ip":"::1","method":"GET","ms":2091,"path":"/","status":304},"timestamp":"2026-09-22T08:47:35.227Z"}
{"level":"info","message":{"ip":"::1","method":"GET","ms":2090,"path":"/count","status":304},"timestamp":"2026-09-22T08:47:35.231Z"}
{"level":"info","message":{"ip":"::1","method":"GET","ms":2052,"path":"/","status":304},"timestamp":"2026-09-22T08:47:55.195Z"}
{"level":"info","message":{"ip":"::1","method":"GET","ms":2352,"path":"/count","status":304},"timestamp":"2026-09-22T08:47:55.502Z"}
{"level":"info","message":{"ip":"::1","method":"GET","ms":273,"path":"/","status":304},"timestamp":"2026-09-22T08:47:56.224Z"}
{"level":"info","message":{"ip":"::1","method":"GET","ms":558,"path":"/history","status":304},"timestamp":"2026-09-22T08:47:56.503Z"}
{"level":"info","message":{"ip":"::1","method":"GET","ms":277,"path":"/","status":304},"timestamp":"2026-09-22T08:47:56.505Z"}
{"level":"info","message":{"ip":"::1","method":"GET","ms":512,"path":"/history","status":304},"timestamp":"2026-09-22T08:47:57.019Z"}
{"level":"info","message":{"ip":"::1","method":"GET","ms":319,"path":"/","status":304},"timestamp":"2026-09-22T08:48:04.822Z"}
{"level":"info","message":{"ip":"::1","method":"GET","ms":303,"path":"/","status":304},"timestamp":"2026-09-22T08:48:05.129Z"}
{"level":"info","message":{"ip":"::1","method":"GET","ms":283,"path":"/","status":304},"timestamp":"2026-09-22T08:48:13.423Z"}
{"level":"info","message":{"ip":"::1","method":"GET","ms":2224,"path":"/count","status":304},"timestamp":"2026-09-22T08:48:15.368Z"}
{"level":"info","message":{"ip":"::1","method":"GET","ms":241,"path":"/","status":304},"timestamp":"2026-09-22T08:48:21.862Z"}
{"level":"info","message":{"ip":"::1","method":"GET","ms":491,"path":"/history","status":304},"timestamp":"2026-09-22T08:48:22.108Z"}
{"level":"info","message":{"ip":"::1","method":"GET","ms":246,"path":"/","status":304},"timestamp":"2026-09-22T08:48:22.112Z"}
{"level":"info","message":{"ip":"::1","method":"GET","ms":484,"path":"/history","status":304},"timestamp":"2026-09-22T08:48:22.600Z"}
{"level":"info","message":{"ip":"::1","method":"GET","ms":1860,"path":"/","status":304},"timestamp":"2026-09-22T08:48:35.008Z"}
{"level":"info","message":{"ip":"::1","method":"GET","ms":1858,"path":"/count","status":304},"timestamp":"2026-09-22T08:48:35.010Z"}
{"level":"info","message":{"ip":"::1","method":"GET","ms":2262,"path":"/count","status":304},"timestamp":"2026-09-22T08:48:55.406Z"}
{"level":"info","message":{"ip":"::1","method":"GET","ms":2269,"path":"/","status":304},"timestamp":"2026-09-22T08:48:55.409Z"}
{"level":"info","message":{"ip":"::1","method":"GET","ms":2059,"path":"/count","status":304},"timestamp":"2026-09-22T08:49:15.208Z"}
{"level":"info","message":{"ip":"::1","method":"GET","ms":2072,"path":"/","status":304},"timestamp":"2026-09-22T08:49:15.217Z"}
{"level":"info","message":{"ip":"::1","method":"GET","ms":1775,"path":"/count","status":304},"timestamp":"2026-09-22T08:49:34.920Z"}
{"level":"info","message":{"ip":"::1","method":"GET","ms":1782,"path":"/","status":304},"timestamp":"2026-09-22T08:49:34.923Z"}
{"level":"info","message":{"ip":"::1","method":"GET","ms":2066,"path":"/","status":304},"timestamp":"2026-09-22T08:49:55.196Z"}
{"level":"info","message":{"ip":"::1","method":"GET","ms":2581,"path":"/count","status":304},"timestamp":"2026-09-22T08:49:55.717Z"}
{"level":"info","message":{"ip":"::1","method":"GET","ms":1716,"path":"/count","status":304},"timestamp":"2026-09-22T08:50:14.856Z"}
{"level":"info","message":{"ip":"::1","method":"GET","ms":1724,"path":"/","status":304},"timestamp":"2026-09-22T08:50:14.858Z"}
{"level":"info","message":{"ip":"::1","method":"GET","ms":1920,"path":"/","status":304},"timestamp":"2026-09-22T08:50:35.053Z"}
{"level":"info","message":{"ip":"::1","method":"GET","ms":1917,"path":"/count","status":304},"timestamp":"2026-09-22T08:50:35.056Z"}
{"level":"info","message":{"ip":"::1","method":"GET","ms":2092,"path":"/count","status":304},"timestamp":"2026-09-22T08:50:55.239Z"}
{"level":"info","message":{"ip":"::1","method":"GET","ms":2121,"path":"/","status":304},"timestamp":"2026-09-22T08:50:55.264Z"}
{"level":"info","message":{"ip":"::1","method":"GET","ms":2090,"path":"/","status":304},"timestamp":"2026-09-22T08:51:15.235Z"}
{"level":"info","message":{"ip":"::1","method":"GET","ms":2114,"path":"/count","status":304},"timestamp":"2026-09-22T08:51:15.267Z"}
{"level":"info","message":{"ip":"::1","method":"GET","ms":2097,"path":"/count","status":304},"timestamp":"2026-09-22T08:51:35.257Z"}
{"level":"info","message":{"ip":"::1","method":"GET","ms":2107,"path":"/","status":304},"timestamp":"2026-09-22T08:51:35.259Z"}
{"level":"info","message":{"ip":"::1","method":"GET","ms":1845,"path":"/count","status":304},"timestamp":"2026-09-22T08:51:54.989Z"}
{"level":"info","message":{"ip":"::1","method":"GET","ms":1854,"path":"/","status":304},"timestamp":"2026-09-22T08:51:54.993Z"}
{"level":"info","message":{"ip":"::1","method":"GET","ms":1949,"path":"/count","status":304},"timestamp":"2026-09-22T08:52:15.092Z"}
{"level":"info","message":{"ip":"::1","method":"GET","ms":1957,"path":"/","status":304},"timestamp":"2026-09-22T08:52:15.094Z"}
{"level":"info","message":{"ip":"::1","method":"GET","ms":1905,"path":"/count","status":304},"timestamp":"2026-09-22T08:52:35.059Z"}
{"level":"info","message":{"ip":"::1","method":"GET","ms":1915,"path":"/","status":304},"timestamp":"2026-09-22T08:52:35.061Z"}
{"level":"info","message":{"ip":"::1","method":"GET","ms":1778,"path":"/","status":304},"timestamp":"2026-09-22T08:52:54.924Z"}
{"level":"info","message":{"ip":"::1","method":"GET","ms":1776,"path":"/count","status":304},"timestamp":"2026-09-22T08:52:54.927Z"}
{"level":"info","message":{"ip":"::1","method":"GET","ms":787,"path":"/api/crypto/alerts","status":200},"timestamp":"2026-09-22T08:52:59.523Z"}
{"level":"info","message":{"ip":"::1","method":"GET","ms":231,"path":"/api/crypto/alerts","status":200},"timestamp":"2026-09-22T08:52:59.762Z"}
{"level":"info","message":{"ip":"::1","method":"GET","ms":633,"path":"/api/crypto/alerts","status":200},"timestamp":"2026-09-22T08:53:59.287Z"}
{"level":"info","message":{"ip":"::1","method":"GET","ms":515,"path":"/api/crypto/alerts","status":200},"timestamp":"2026-09-22T08:54:59.753Z"}
{"level":"info","message":{"ip":"::1","method":"GET","ms":718,"path":"/api/crypto/alerts","status":200},"timestamp":"2026-09-22T08:55:59.970Z"}
{"level":"info","message":{"ip":"::1","method":"GET","ms":941,"path":"/api/crypto/alerts","status":200},"timestamp":"2026-09-22T08:57:00.185Z"}
{"level":"info","message":{"ip":"::1","method":"GET","ms":544,"path":"/api/crypto/alerts","status":200},"timestamp":"2026-09-22T08:57:59.777Z"}
{"level":"info","message":{"ip":"::1","method":"GET","ms":683,"path":"/api/crypto/alerts","status":200},"timestamp":"2026-09-22T08:58:59.920Z"}
{"level":"info","message":{"ip":"::1","method":"GET","ms":493,"path":"/api/crypto/alerts","status":200},"timestamp":"2026-09-22T08:59:38.938Z"}
{"level":"info","message":{"ip":"::1","method":"GET","ms":497,"path":"/api/crypto/alerts","status":200},"timestamp":"2026-09-22T08:59:38.948Z"}
{"level":"info","message":{"ip":"::1","method":"POST","ms":3464,"path":"/login","status":200},"timestamp":"2026-09-22T09:00:11.564Z"}
{"level":"info","message":{"ip":"::1","method":"GET","ms":513,"path":"/api/crypto/alerts","status":200},"timestamp":"2026-09-22T09:00:39.395Z"}
{"level":"info","message":{"ip":"::1","method":"POST","ms":2797,"path":"/verify-otp","status":200},"timestamp":"2026-09-22T09:00:49.959Z"}
{"level":"info","message":{"ip":"::1","method":"GET","ms":230,"path":"/","status":304},"timestamp":"2026-09-22T09:00:50.310Z"}
{"level":"info","message":{"ip":"::1","method":"GET","ms":377,"path":"/","status":304},"timestamp":"2026-09-22T09:00:50.690Z"}
{"level":"info","message":{"ip":"::1","method":"GET","ms":1924,"path":"/count","status":304},"timestamp":"2026-09-22T09:00:52.018Z"}
{"level":"info","message":{"ip":"::1","method":"GET","ms":1924,"path":"/","status":304},"timestamp":"2026-09-22T09:00:52.044Z"}
{"level":"info","message":{"ip":"::1","method":"GET","ms":2217,"path":"/history","status":304},"timestamp":"2026-09-22T09:00:52.328Z"}
{"level":"info","message":{"ip":"::1","method":"GET","ms":284,"path":"/count","status":304},"timestamp":"2026-09-22T09:00:52.332Z"}
{"level":"info","message":{"ip":"::1","method":"GET","ms":281,"path":"/","status":304},"timestamp":"2026-09-22T09:00:52.337Z"}
{"level":"info","message":{"ip":"::1","method":"GET","ms":598,"path":"/history","status":304},"timestamp":"2026-09-22T09:00:52.941Z"}
{"level":"info","message":{"ip":"::1","method":"GET","ms":1888,"path":"/","status":304},"timestamp":"2026-09-22T09:01:11.981Z"}
{"level":"info","message":{"ip":"::1","method":"GET","ms":1885,"path":"/count","status":304},"timestamp":"2026-09-22T09:01:11.984Z"}
{"level":"info","message":{"ip":"::1","method":"GET","ms":2132,"path":"/count","status":304},"timestamp":"2026-09-22T09:01:32.393Z"}
{"level":"info","message":{"ip":"::1","method":"GET","ms":2202,"path":"/","status":304},"timestamp":"2026-09-22T09:01:32.445Z"}
{"level":"info","message":{"ip":"::1","method":"GET","ms":1798,"path":"/count","status":304},"timestamp":"2026-09-22T09:01:52.036Z"}
{"level":"info","message":{"ip":"::1","method":"GET","ms":1806,"path":"/","status":304},"timestamp":"2026-09-22T09:01:52.038Z"}
{"level":"info","message":{"ip":"::1","method":"GET","ms":2154,"path":"/","status":304},"timestamp":"2026-09-22T09:02:12.394Z"}
{"level":"info","message":{"ip":"::1","method":"GET","ms":2150,"path":"/count","status":304},"timestamp":"2026-09-22T09:02:12.397Z"}
{"level":"info","message":{"ip":"::1","method":"GET","ms":4,"path":"/verify","status":400},"timestamp":"2026-09-22T09:02:28.031Z"}
{"level":"info","message":{"ip":"::1","method":"GET","ms":2,"path":"/verify","status":400},"timestamp":"2026-09-22T09:02:32.001Z"}
{"level":"info","message":{"ip":"::1","method":"GET","ms":1922,"path":"/","status":304},"timestamp":"2026-09-22T09:02:32.008Z"}
{"level":"info","message":{"ip":"::1","method":"GET","ms":1923,"path":"/count","status":304},"timestamp":"2026-09-22T09:02:32.013Z"}
{"level":"info","message":{"ip":"::1","method":"GET","ms":3001,"path":"/verify","status":200},"timestamp":"2026-09-22T09:02:45.606Z"}
{"level":"info","message":{"ip":"::1","method":"GET","ms":224,"path":"/","status":304},"timestamp":"2026-09-22T09:02:50.310Z"}
{"level":"info","message":{"ip":"::1","method":"GET","ms":1796,"path":"/count","status":304},"timestamp":"2026-09-22T09:02:51.885Z"}
{"level":"info","message":{"ip":"::1","method":"GET","ms":2065,"path":"/","status":304},"timestamp":"2026-09-22T09:03:12.148Z"}
{"level":"info","message":{"ip":"::1","method":"GET","ms":2061,"path":"/count","status":304},"timestamp":"2026-09-22T09:03:12.150Z"}
{"level":"info","message":{"ip":"::1","method":"GET","ms":1868,"path":"/","status":304},"timestamp":"2026-09-22T09:03:31.954Z"}
{"level":"info","message":{"ip":"::1","method":"GET","ms":1867,"path":"/count","status":304},"timestamp":"2026-09-22T09:03:31.958Z"}
{"level":"info","message":{"ip":"::1","method":"GET","ms":1640,"path":"/count","status":304},"timestamp":"2026-09-22T09:03:51.724Z"}
{"level":"info","message":{"ip":"::1","method":"GET","ms":2447,"path":"/verify","status":200},"timestamp":"2026-09-22T09:03:52.298Z"}
{"level":"info","message":{"ip":"::1","method":"GET","ms":2464,"path":"/","status":304},"timestamp":"2026-09-22T09:03:52.543Z"}
{"level":"info","message":{"ip":"::1","method":"GET","ms":1103,"path":"/verify","status":200},"timestamp":"2026-09-22T09:04:00.208Z"}
{"level":"info","message":{"ip":"::1","method":"GET","ms":1929,"path":"/count","status":304},"timestamp":"2026-09-22T09:04:12.021Z"}
{"level":"info","message":{"ip":"::1","method":"GET","ms":1940,"path":"/","status":304},"timestamp":"2026-09-22T09:04:12.025Z"}
{"level":"info","message":{"ip":"::1","method":"GET","ms":364,"path":"/","status":304},"timestamp":"2026-09-22T09:04:18.573Z"}
{"level":"info","message":{"ip":"::1","method":"GET","ms":232,"path":"/","status":304},"timestamp":"2026-09-22T09:04:18.808Z"}
{"level":"info","message":{"ip":"::1","method":"GET","ms":626,"path":"/history","status":304},"timestamp":"2026-09-22T09:04:18.829Z"}
{"level":"info","message":{"ip":"::1","method":"GET","ms":641,"path":"/history","status":304},"timestamp":"2026-09-22T09:04:19.475Z"}
{"level":"info","message":{"ip":"::1","method":"GET","ms":2037,"path":"/","status":304},"timestamp":"2026-09-22T09:04:32.127Z"}
{"level":"info","message":{"ip":"::1","method":"GET","ms":2035,"path":"/count","status":304},"timestamp":"2026-09-22T09:04:32.130Z"}
{"level":"info","message":{"ip":"::1","method":"GET","ms":1684,"path":"/count","status":304},"timestamp":"2026-09-22T09:04:51.789Z"}
{"level":"info","message":{"ip":"::1","method":"GET","ms":1693,"path":"/","status":304},"timestamp":"2026-09-22T09:04:51.793Z"}
{"level":"info","message":{"ip":"::1","method":"GET","ms":2025,"path":"/count","status":304},"timestamp":"2026-09-22T09:05:12.122Z"}
{"level":"info","message":{"ip":"::1","method":"GET","ms":2034,"path":"/","status":304},"timestamp":"2026-09-22T09:05:12.125Z"}
{"level":"info","message":{"ip":"::1","method":"GET","ms":1777,"path":"/","status":304},"timestamp":"2026-09-22T09:05:31.877Z"}
{"level":"info","message":{"ip":"::1","method":"GET","ms":1774,"path":"/count","status":304},"timestamp":"2026-09-22T09:05:31.880Z"}
{"level":"info","message":{"ip":"::1","method":"GET","ms":2268,"path":"/","status":304},"timestamp":"2026-09-22T09:05:52.356Z"}
{"level":"info","message":{"ip":"::1","method":"GET","ms":2265,"path":"/count","status":304},"timestamp":"2026-09-22T09:05:52.359Z"}
{"level":"info","message":{"ip":"::1","method":"GET","ms":2128,"path":"/","status":304},"timestamp":"2026-09-22T09:06:12.222Z"}
{"level":"info","message":{"ip":"::1","method":"GET","ms":2125,"path":"/count","status":304},"timestamp":"2026-09-22T09:06:12.224Z"}
{"level":"info","message":{"ip":"::1","method":"GET","ms":2189,"path":"/count","status":304},"timestamp":"2026-09-22T09:06:32.293Z"}
{"level":"info","message":{"ip":"::1","method":"GET","ms":2808,"path":"/","status":304},"timestamp":"2026-09-22T09:06:32.907Z"}
{"level":"info","message":{"ip":"::1","method":"GET","ms":1938,"path":"/","status":304},"timestamp":"2026-09-22T09:06:52.034Z"}
{"level":"info","message":{"ip":"::1","method":"GET","ms":2201,"path":"/count","status":304},"timestamp":"2026-09-22T09:06:52.302Z"}
{"level":"info","message":{"ip":"::1","method":"GET","ms":1960,"path":"/","status":304},"timestamp":"2026-09-22T09:07:12.051Z"}
{"level":"info","message":{"ip":"::1","method":"GET","ms":1956,"path":"/count","status":304},"timestamp":"2026-09-22T09:07:12.054Z"}
{"level":"info","message":{"ip":"::1","method":"GET","ms":2200,"path":"/","status":304},"timestamp":"2026-09-22T09:07:32.298Z"}
{"level":"info","message":{"ip":"::1","method":"GET","ms":2199,"path":"/count","status":304},"timestamp":"2026-09-22T09:07:32.300Z"}
{"level":"info","message":{"ip":"::1","method":"GET","ms":2378,"path":"/count","status":304},"timestamp":"2026-09-22T09:07:52.471Z"}
{"level":"info","message":{"ip":"::1","method":"GET","ms":2387,"path":"/","status":304},"timestamp":"2026-09-22T09:07:52.473Z"}
{"level":"info","message":{"ip":"::1","method":"GET","ms":1944,"path":"/","status":304},"timestamp":"2026-09-22T09:08:12.029Z"}
{"level":"info","message":{"ip":"::1","method":"GET","ms":1943,"path":"/count","status":304},"timestamp":"2026-09-22T09:08:12.032Z"}
{"level":"info","message":{"ip":"::1","method":"GET","ms":2199,"path":"/count","status":304},"timestamp":"2026-09-22T09:08:32.292Z"}
{"level":"info","message":{"ip":"::1","method":"GET","ms":2511,"path":"/","status":304},"timestamp":"2026-09-22T09:08:32.599Z"}
{"level":"info","message":{"ip":"::1","method":"GET","ms":2275,"path":"/count","status":304},"timestamp":"2026-09-22T09:08:52.364Z"}
{"level":"info","message":{"ip":"::1","method":"GET","ms":2283,"path":"/","status":304},"timestamp":"2026-09-22T09:08:52.366Z"}
{"level":"info","message":{"ip":"::1","method":"GET","ms":2455,"path":"/count","status":304},"timestamp":"2026-09-22T09:09:12.536Z"}
{"level":"info","message":{"ip":"::1","method":"GET","ms":2463,"path":"/","status":304},"timestamp":"2026-09-22T09:09:12.538Z"}
{"level":"info","message":{"ip":"::1","method":"GET","ms":2529,"path":"/count","status":304},"timestamp":"2026-09-22T09:09:32.614Z"}
{"level":"info","message":{"ip":"::1","method":"GET","ms":2538,"path":"/","status":304},"timestamp":"2026-09-22T09:09:32.617Z"}
{"level":"info","message":{"ip":"::1","method":"GET","ms":1698,"path":"/count","status":304},"timestamp":"2026-09-22T09:09:51.797Z"}
{"level":"info","message":{"ip":"::1","method":"GET","ms":1720,"path":"/","status":304},"timestamp":"2026-09-22T09:09:51.814Z"}
{"level":"info","message":{"ip":"::1","method":"GET","ms":2261,"path":"/","status":304},"timestamp":"2026-09-22T09:10:12.347Z"}
{"level":"info","message":{"ip":"::1","method":"GET","ms":2258,"path":"/count","status":304},"timestamp":"2026-09-22T09:10:12.350Z"}
{"level":"info","message":{"ip":"::1","method":"GET","ms":2110,"path":"/count","status":304},"timestamp":"2026-09-22T09:10:32.211Z"}
{"level":"info","message":{"ip":"::1","method":"GET","ms":2119,"path":"/","status":304},"timestamp":"2026-09-22T09:10:32.214Z"}
{"level":"info","message":{"ip":"::1","method":"GET","ms":2094,"path":"/","status":304},"timestamp":"2026-09-22T09:10:52.182Z"}
{"level":"info","message":{"ip":"::1","method":"GET","ms":2091,"path":"/count","status":304},"timestamp":"2026-09-22T09:10:52.185Z"}
{"level":"info","message":{"ip":"::1","method":"GET","ms":2657,"path":"/","status":304},"timestamp":"2026-09-22T09:11:12.784Z"}
{"level":"info","message":{"ip":"::1","method":"GET","ms":2481,"path":"/count","status":304},"timestamp":"2026-09-22T09:11:12.797Z"}
{"level":"info","message":{"ip":"::1","method":"GET","ms":2504,"path":"/count","status":304},"timestamp":"2026-09-22T09:11:32.606Z"}
{"level":"info","message":{"ip":"::1","method":"GET","ms":2521,"path":"/","status":304},"timestamp":"2026-09-22T09:11:32.611Z"}
{"level":"info","message":{"ip":"::1","method":"GET","ms":2490,"path":"/count","status":304},"timestamp":"2026-09-22T09:11:52.592Z"}
{"level":"info","message":{"ip":"::1","method":"GET","ms":2707,"path":"/","status":304},"timestamp":"2026-09-22T09:11:52.802Z"}
{"level":"info","message":{"ip":"::1","method":"GET","ms":2270,"path":"/","status":304},"timestamp":"2026-09-22T09:12:12.368Z"}
{"level":"info","message":{"ip":"::1","method":"GET","ms":2265,"path":"/count","status":304},"timestamp":"2026-09-22T09:12:12.372Z"}
{"level":"info","message":{"ip":"::1","method":"GET","ms":2452,"path":"/","status":304},"timestamp":"2026-09-22T09:12:32.542Z"}
{"level":"info","message":{"ip":"::1","method":"GET","ms":2449,"path":"/count","status":304},"timestamp":"2026-09-22T09:12:32.547Z"}
{"level":"info","message":{"ip":"::1","method":"GET","ms":2110,"path":"/","status":304},"timestamp":"2026-09-22T09:12:52.203Z"}
{"level":"info","message":{"ip":"::1","method":"GET","ms":2108,"path":"/count","status":304},"timestamp":"2026-09-22T09:12:52.206Z"}
{"level":"info","message":{"ip":"::1","method":"GET","ms":1979,"path":"/","status":304},"timestamp":"2026-09-22T09:13:12.069Z"}
{"level":"info","message":{"ip":"::1","method":"GET","ms":1980,"path":"/count","status":304},"timestamp":"2026-09-22T09:13:12.074Z"}
{"level":"info","message":{"ip":"::1","method":"GET","ms":2347,"path":"/count","status":304},"timestamp":"2026-09-22T09:13:32.442Z"}
{"level":"info","message":{"ip":"::1","method":"GET","ms":2357,"path":"/","status":304},"timestamp":"2026-09-22T09:13:32.445Z"}
{"level":"info","message":{"ip":"::1","method":"GET","ms":2043,"path":"/","status":304},"timestamp":"2026-09-22T09:13:52.129Z"}
{"level":"info","message":{"ip":"::1","method":"GET","ms":2041,"path":"/count","status":304},"timestamp":"2026-09-22T09:13:52.134Z"}
{"level":"info","message":{"ip":"::1","method":"GET","ms":2282,"path":"/count","status":304},"timestamp":"2026-09-22T09:14:12.379Z"}
{"level":"info","message":{"ip":"::1","method":"GET","ms":2290,"path":"/","status":304},"timestamp":"2026-09-22T09:14:12.382Z"}
{"level":"info","message":{"ip":"::1","method":"GET","ms":2355,"path":"/","status":304},"timestamp":"2026-09-22T09:14:32.451Z"}
{"level":"info","message":{"ip":"::1","method":"GET","ms":2353,"path":"/count","status":304},"timestamp":"2026-09-22T09:14:32.454Z"}
{"level":"info","message":{"ip":"::1","method":"GET","ms":1644,"path":"/count","status":304},"timestamp":"2026-09-22T09:14:51.747Z"}
{"level":"info","message":{"ip":"::1","method":"GET","ms":1653,"path":"/","status":304},"timestamp":"2026-09-22T09:14:51.750Z"}
{"level":"info","message":{"ip":"::1","method":"GET","ms":2293,"path":"/","status":304},"timestamp":"2026-09-22T09:15:12.390Z"}
{"level":"info","message":{"ip":"::1","method":"GET","ms":2291,"path":"/count","status":304},"timestamp":"2026-09-22T09:15:12.393Z"}
{"level":"info","message":{"ip":"::1","method":"GET","ms":2373,"path":"/","status":304},"timestamp":"2026-09-22T09:15:32.460Z"}
{"level":"info","message":{"ip":"::1","method":"GET","ms":2371,"path":"/count","status":304},"timestamp":"2026-09-22T09:15:32.463Z"}
{"level":"info","message":{"ip":"::1","method":"GET","ms":2505,"path":"/","status":304},"timestamp":"2026-09-22T09:15:52.605Z"}
{"level":"info","message":{"ip":"::1","method":"GET","ms":2504,"path":"/count","status":304},"timestamp":"2026-09-22T09:15:52.607Z"}
{"level":"info","message":{"ip":"::1","method":"GET","ms":2125,"path":"/count","status":304},"timestamp":"2026-09-22T09:16:12.222Z"}
{"level":"info","message":{"ip":"::1","method":"GET","ms":3225,"path":"/","status":304},"timestamp":"2026-09-22T09:16:13.316Z"}
{"level":"info","message":{"ip":"::1","method":"GET","ms":2786,"path":"/","status":304},"timestamp":"2026-09-22T09:16:32.876Z"}
{"level":"info","message":{"ip":"::1","method":"GET","ms":2784,"path":"/count","status":304},"timestamp":"2026-09-22T09:16:32.879Z"}
{"level":"info","message":{"ip":"::1","method":"GET","ms":2130,"path":"/count","status":304},"timestamp":"2026-09-22T09:16:52.230Z"}
{"level":"info","message":{"ip":"::1","method":"GET","ms":2140,"path":"/","status":304},"timestamp":"2026-09-22T09:16:52.234Z"}
{"level":"info","message":{"ip":"::1","method":"GET","ms":2416,"path":"/count","status":304},"timestamp":"2026-09-22T09:17:12.507Z"}
{"level":"info","message":{"ip":"::1","method":"GET","ms":2730,"path":"/","status":304},"timestamp":"2026-09-22T09:17:12.815Z"}
{"level":"info","message":{"ip":"::1","method":"GET","ms":2043,"path":"/","status":304},"timestamp":"2026-09-22T09:17:32.135Z"}
{"level":"info","message":{"ip":"::1","method":"GET","ms":2288,"path":"/count","status":304},"timestamp":"2026-09-22T09:17:32.386Z"}
{"level":"info","message":{"ip":"::1","method":"GET","ms":2403,"path":"/","status":304},"timestamp":"2026-09-22T09:17:52.498Z"}
{"level":"info","message":{"ip":"::1","method":"GET","ms":2399,"path":"/count","status":304},"timestamp":"2026-09-22T09:17:52.502Z"}
{"level":"info","message":{"ip":"::1","method":"GET","ms":2111,"path":"/count","status":304},"timestamp":"2026-09-22T09:18:12.208Z"}
{"level":"info","message":{"ip":"::1","method":"GET","ms":2118,"path":"/","status":304},"timestamp":"2026-09-22T09:18:12.211Z"}
{"level":"info","message":{"ip":"::1","method":"GET","ms":2083,"path":"/count","status":304},"timestamp":"2026-09-22T09:18:32.175Z"}
{"level":"info","message":{"ip":"::1","method":"GET","ms":2090,"path":"/","status":304},"timestamp":"2026-09-22T09:18:32.178Z"}
{"level":"info","message":{"ip":"::1","method":"GET","ms":1833,"path":"/count","status":304},"timestamp":"2026-09-22T09:18:51.938Z"}
{"level":"info","message":{"ip":"::1","method":"GET","ms":1841,"path":"/","status":304},"timestamp":"2026-09-22T09:18:51.940Z"}
{"level":"info","message":{"ip":"::1","method":"GET","ms":1917,"path":"/","status":304},"timestamp":"2026-09-22T09:19:12.153Z"}
{"level":"info","message":{"ip":"::1","method":"GET","ms":2623,"path":"/count","status":304},"timestamp":"2026-09-22T09:19:12.866Z"}
{"level":"info","message":{"ip":"::1","method":"GET","ms":1942,"path":"/count","status":304},"timestamp":"2026-09-22T09:19:32.183Z"}
{"level":"info","message":{"ip":"::1","method":"GET","ms":1951,"path":"/","status":304},"timestamp":"2026-09-22T09:19:32.187Z"}
{"level":"info","message":{"ip":"::1","method":"GET","ms":1746,"path":"/count","status":304},"timestamp":"2026-09-22T09:19:51.992Z"}
{"level":"info","message":{"ip":"::1","method":"GET","ms":1755,"path":"/","status":304},"timestamp":"2026-09-22T09:19:51.995Z"}
{"level":"info","message":{"ip":"::1","method":"GET","ms":1793,"path":"/","status":304},"timestamp":"2026-09-22T09:20:58.148Z"}
{"level":"info","message":{"ip":"::1","method":"GET","ms":1753,"path":"/count","status":304},"timestamp":"2026-09-22T09:20:58.149Z"}
{"level":"info","message":{"ip":"::1","method":"GET","ms":2071,"path":"/","status":304},"timestamp":"2026-09-22T09:21:58.410Z"}
{"level":"info","message":{"ip":"::1","method":"GET","ms":2036,"path":"/count","status":304},"timestamp":"2026-09-22T09:21:58.413Z"}
{"level":"info","message":{"ip":"::1","method":"GET","ms":1774,"path":"/count","status":304},"timestamp":"2026-09-22T09:22:58.214Z"}
{"level":"info","message":{"ip":"::1","method":"GET","ms":1811,"path":"/","status":304},"timestamp":"2026-09-22T09:22:58.232Z"}
{"level":"info","message":{"ip":"::1","method":"GET","ms":1827,"path":"/","status":304},"timestamp":"2026-09-22T09:23:58.247Z"}
{"level":"info","message":{"ip":"::1","method":"GET","ms":1800,"path":"/count","status":304},"timestamp":"2026-09-22T09:23:58.252Z"}
{"level":"info","message":{"ip":"::1","method":"GET","ms":1788,"path":"/","status":304},"timestamp":"2026-09-22T09:24:58.048Z"}
{"level":"info","message":{"ip":"::1","method":"GET","ms":1998,"path":"/count","status":304},"timestamp":"2026-09-22T09:24:58.331Z"}
{"level":"info","message":{"ip":"::1","method":"GET","ms":1736,"path":"/count","status":304},"timestamp":"2026-09-22T09:25:58.134Z"}
{"level":"info","message":{"ip":"::1","method":"GET","ms":1837,"path":"/","status":304},"timestamp":"2026-09-22T09:25:58.136Z"}
{"level":"info","message":{"ip":"::1","method":"GET","ms":2102,"path":"/count","status":304},"timestamp":"2026-09-22T09:26:58.480Z"}
{"level":"info","message":{"ip":"::1","method":"GET","ms":3309,"path":"/","status":304},"timestamp":"2026-09-22T09:26:59.674Z"}
{"level":"info","message":{"ip":"::1","method":"GET","ms":1899,"path":"/","status":304},"timestamp":"2026-09-22T09:27:58.144Z"}
{"level":"info","message":{"ip":"::1","method":"GET","ms":1885,"path":"/count","status":304},"timestamp":"2026-09-22T09:27:58.147Z"}
{"level":"info","message":{"ip":"::1","method":"GET","ms":1811,"path":"/count","status":304},"timestamp":"2026-09-22T09:28:58.246Z"}
{"level":"info","message":{"ip":"::1","method":"GET","ms":1862,"path":"/","status":304},"timestamp":"2026-09-22T09:28:58.249Z"}
{"level":"info","message":{"ip":"::1","method":"GET","ms":1723,"path":"/count","status":304},"timestamp":"2026-09-22T09:29:57.981Z"}
{"level":"info","message":{"ip":"::1","method":"GET","ms":1755,"path":"/","status":304},"timestamp":"2026-09-22T09:29:57.999Z"}
{"level":"info","message":{"ip":"::1","method":"GET","ms":1879,"path":"/count","status":304},"timestamp":"2026-09-22T09:30:58.294Z"}
{"level":"info","message":{"ip":"::1","method":"GET","ms":1921,"path":"/","status":304},"timestamp":"2026-09-22T09:30:58.316Z"}
{"level":"info","message":{"ip":"::1","method":"GET","ms":2059,"path":"/","status":304},"timestamp":"2026-09-22T09:31:58.404Z"}
{"level":"info","message":{"ip":"::1","method":"GET","ms":2048,"path":"/count","status":304},"timestamp":"2026-09-22T09:31:58.408Z"}
{"level":"info","message":{"ip":"::1","method":"GET","ms":1792,"path":"/","status":304},"timestamp":"2026-09-22T09:32:58.176Z"}
{"level":"info","message":{"ip":"::1","method":"GET","ms":1770,"path":"/count","status":304},"timestamp":"2026-09-22T09:32:58.179Z"}
